Customer ID,Gender,Tenure,Monthly Charges,Total Charges,Contract Type,Internet Service,Payment Method,Churn
CUST00001,Male,47,97.69,4748.68,One year,DSL,Electronic check,No
CUST00002,Female,12,40.5,336.19,Month-to-month,Fiber optic,Electronic check,Yes
CUST00003,Male,62,92.56,5761.58,One year,Fiber optic,Electronic check,Yes
CUST00004,Male,8,81.97,594.28,Two year,Fiber optic,Electronic check,No
CUST00005,Male,21,109.61,2308.04,Month-to-month,No,Bank transfer,Yes
CUST00006,Female,70,104.72,7199.59,Month-to-month,Fiber optic,Electronic check,Yes
CUST00007,Male,72,51.51,3797.89,One year,No,Bank transfer,No
CUST00008,Male,25,47.62,1094.98,Month-to-month,Fiber optic,Bank transfer,No
CUST00009,Male,12,118.17,1534.67,One year,Fiber optic,Mailed check,No
CUST00010,Female,15,72.73,998.19,Month-to-month,No,Credit card,Yes
CUST00011,Male,59,110.64,6625.28,Month-to-month,Fiber optic,Bank transfer,No
CUST00012,Male,26,36.39,863.04,One year,DSL,Bank transfer,No
CUST00013,Male,26,84.28,2129.82,One year,Fiber optic,Electronic check,Yes
CUST00014,Male,47,100.99,4746.35,Two year,Fiber optic,Bank transfer,No
CUST00015,Female,32,114.74,3586.89,Two year,DSL,Credit card,No
CUST00016,Male,10,53.73,449.56,One year,No,Mailed check,No
CUST00017,Female,16,92.5,1396.37,One year,DSL,Electronic check,No
CUST00018,Female,71,73.88,5277.37,Month-to-month,DSL,Mailed check,No
CUST00019,Female,17,26.06,442.98,Month-to-month,No,Bank transfer,Yes
CUST00020,Male,23,89.0,2052.26,Month-to-month,Fiber optic,Mailed check,Yes
CUST00021,Female,26,89.01,2281.8,Two year,DSL,Bank transfer,No
CUST00022,Male,7,113.06,846.29,Month-to-month,Fiber optic,Electronic check,Yes
CUST00023,Female,14,69.73,1081.23,One year,Fiber optic,Credit card,No
CUST00024,Female,7,43.03,358.77,Month-to-month,DSL,Electronic check,Yes
CUST00025,Female,9,24.46,199.24,One year,No,Electronic check,No
CUST00026,Female,48,61.56,2832.8,Two year,Fiber optic,Bank transfer,No
CUST00027,Female,72,50.19,3415.97,Month-to-month,Fiber optic,Electronic check,No
CUST00028,Female,59,96.11,5664.0,Two year,Fiber optic,Electronic check,No
CUST00029,Female,39,55.43,1962.45,Month-to-month,Fiber optic,Electronic check,Yes
CUST00030,Female,18,114.91,2048.45,Month-to-month,DSL,Mailed check,Yes
CUST00031,Male,59,116.23,6997.83,Two year,DSL,Credit card,No
CUST00032,Male,17,82.09,1280.18,Month-to-month,Fiber optic,Credit card,Yes
CUST00033,Female,14,112.87,1451.57,Two year,Fiber optic,Mailed check,No
CUST00034,Female,31,96.09,3042.48,Month-to-month,DSL,Electronic check,Yes
CUST00035,Female,24,74.69,1511.99,Month-to-month,Fiber optic,Mailed check,No
CUST00036,Male,60,38.03,2319.98,Two year,Fiber optic,Bank transfer,No
CUST00037,Female,45,65.86,3110.55,Month-to-month,DSL,Electronic check,Yes
CUST00038,Male,3,76.09,141.02,Two year,DSL,Electronic check,No
CUST00039,Male,37,106.4,3832.38,Two year,DSL,Electronic check,No
CUST00040,Male,43,68.13,2988.59,Month-to-month,Fiber optic,Bank transfer,No
CUST00041,Male,40,109.77,4273.73,Month-to-month,DSL,Mailed check,Yes
CUST00042,Male,55,87.43,4889.73,Month-to-month,Fiber optic,Credit card,Yes
CUST00043,Female,39,33.7,1205.37,Month-to-month,Fiber optic,Electronic check,No
CUST00044,Female,15,119.5,1969.34,Month-to-month,Fiber optic,Electronic check,No
CUST00045,Female,4,72.72,357.11,Month-to-month,DSL,Mailed check,Yes
CUST00046,Female,25,59.19,1483.55,Month-to-month,Fiber optic,Mailed check,Yes
CUST00047,Female,13,85.91,1287.91,Month-to-month,Fiber optic,Electronic check,No
CUST00048,Male,33,30.89,1122.52,Two year,No,Electronic check,No
CUST00049,Female,16,83.65,1375.26,Two year,No,Electronic check,No
CUST00050,Female,42,69.82,2746.12,One year,Fiber optic,Electronic check,No
CUST00051,Male,66,60.67,3934.07,Month-to-month,Fiber optic,Electronic check,Yes
CUST00052,Female,55,115.3,6450.04,Two year,DSL,Credit card,No
CUST00053,Male,42,72.25,2904.49,Month-to-month,DSL,Mailed check,No
CUST00054,Female,34,41.91,1348.37,One year,DSL,Bank transfer,No
CUST00055,Male,30,65.9,1874.79,Two year,Fiber optic,Mailed check,No
CUST00056,Female,13,111.94,1495.46,Month-to-month,DSL,Electronic check,Yes
CUST00057,Female,13,37.61,585.29,One year,DSL,Electronic check,No
CUST00058,Male,18,41.4,841.66,Two year,No,Mailed check,No
CUST00059,Male,32,21.3,596.32,Two year,DSL,Mailed check,No
CUST00060,Male,39,21.42,874.25,One year,DSL,Electronic check,No
CUST00061,Male,46,102.94,4645.25,Month-to-month,DSL,Bank transfer,Yes
CUST00062,Male,29,93.21,2682.04,Month-to-month,Fiber optic,Mailed check,Yes
CUST00063,Male,62,55.5,3493.02,Month-to-month,Fiber optic,Electronic check,No
CUST00064,Male,62,89.83,5675.6,One year,Fiber optic,Electronic check,No
CUST00065,Male,57,59.52,3177.7,Month-to-month,Fiber optic,Bank transfer,No
CUST00066,Female,16,115.29,1854.5,Two year,Fiber optic,Bank transfer,No
CUST00067,Female,56,116.71,6676.49,Month-to-month,Fiber optic,Electronic check,No
CUST00068,Male,10,59.28,616.02,Month-to-month,No,Electronic check,No
CUST00069,Female,30,105.42,3170.86,Month-to-month,,Mailed check,No
CUST00070,Female,25,97.31,2376.45,One year,Fiber optic,Electronic check,Yes
CUST00071,Female,5,51.0,393.08,Month-to-month,DSL,Bank transfer,Yes
CUST00072,Female,65,43.2,2756.32,Month-to-month,DSL,Bank transfer,No
CUST00073,Male,49,65.82,3215.17,Month-to-month,DSL,Electronic check,Yes
CUST00074,Female,3,98.13,247.37,Month-to-month,Fiber optic,Electronic check,No
CUST00075,Male,45,116.02,5231.72,Month-to-month,Fiber optic,Bank transfer,Yes
CUST00076,Female,14,96.36,1491.61,Two year,Fiber optic,Electronic check,No
CUST00077,Female,30,105.52,3074.99,Month-to-month,DSL,Electronic check,Yes
CUST00078,Female,68,80.31,5472.34,Month-to-month,Fiber optic,Bank transfer,Yes
CUST00079,Male,18,103.54,1902.83,Two year,No,Electronic check,Yes
CUST00080,Female,62,98.44,6022.05,Two year,Fiber optic,Mailed check,No
CUST00081,Male,37,57.7,2129.0,One year,Fiber optic,Electronic check,Yes
CUST00082,Female,25,75.2,2065.13,Month-to-month,Fiber optic,Bank transfer,Yes
CUST00083,Male,48,100.48,4646.19,Two year,No,Electronic check,No
CUST00084,Female,65,24.61,1557.53,Two year,Fiber optic,Credit card,No
CUST00085,Male,53,100.81,5367.99,One year,Fiber optic,Bank transfer,Yes
CUST00086,Male,15,37.79,529.26,Month-to-month,DSL,Electronic check,Yes
CUST00087,Female,49,71.47,3790.65,One year,DSL,Mailed check,No
CUST00088,Male,68,100.83,6911.31,One year,Fiber optic,Mailed check,No
CUST00089,Female,12,45.38,440.12,Month-to-month,DSL,Mailed check,Yes
CUST00090,Female,59,44.58,2396.54,Month-to-month,No,Credit card,No
CUST00091,Female,37,60.28,2264.39,Two year,DSL,Bank transfer,No
CUST00092,Female,61,109.46,6601.5,One year,No,Electronic check,No
CUST00093,Female,43,20.04,990.61,Month-to-month,Fiber optic,Bank transfer,No
CUST00094,Female,70,110.14,7682.31,One year,DSL,Electronic check,Yes
CUST00095,Female,39,35.38,1322.98,Month-to-month,No,Bank transfer,Yes
CUST00096,Female,56,119.01,6606.04,Month-to-month,Fiber optic,Bank transfer,Yes
CUST00097,Female,63,115.48,7373.89,One year,Fiber optic,Electronic check,No
CUST00098,Female,46,69.47,3237.18,Month-to-month,DSL,Electronic check,Yes
CUST00099,Female,11,71.27,959.57,Month-to-month,Fiber optic,Bank transfer,Yes
CUST00100,Male,62,68.15,4203.79,Two year,DSL,Bank transfer,No
CUST00101,Male,25,83.54,2174.73,Month-to-month,Fiber optic,Mailed check,Yes
CUST00102,Female,71,29.07,2151.91,Month-to-month,Fiber optic,Electronic check,No
CUST00103,Female,52,23.26,1276.9,Two year,Fiber optic,Bank transfer,No
CUST00104,Female,4,25.77,52.09,One year,Fiber optic,Electronic check,Yes
CUST00105,Female,59,64.44,3849.3,One year,Fiber optic,Electronic check,No
CUST00106,Female,72,47.55,3413.88,Two year,DSL,Electronic check,No
CUST00107,Female,20,82.2,1631.65,Month-to-month,Fiber optic,Electronic check,Yes
CUST00108,Female,63,119.24,7431.54,One year,DSL,Mailed check,No
CUST00109,Female,54,58.63,2953.99,Month-to-month,Fiber optic,Credit card,No
CUST00110,Male,57,77.38,4535.5,Two year,Fiber optic,Bank transfer,No
CUST00111,Female,41,61.56,2567.12,Month-to-month,No,Electronic check,No
CUST00112,Male,3,104.73,179.87,One year,Fiber optic,Mailed check,No
CUST00113,Female,6,110.22,733.09,Month-to-month,Fiber optic,Mailed check,Yes
CUST00114,Female,5,107.74,665.51,Month-to-month,Fiber optic,Electronic check,Yes
CUST00115,Male,5,117.44,664.97,One year,Fiber optic,Credit card,No
CUST00116,Female,54,22.75,1139.34,One year,DSL,Mailed check,No
CUST00117,Male,47,103.98,4813.86,One year,Fiber optic,Credit card,No
CUST00118,Female,49,95.18,4609.03,Month-to-month,Fiber optic,Mailed check,No
CUST00119,Female,9,42.87,471.94,Month-to-month,No,Bank transfer,Yes
CUST00120,Male,20,115.63,2360.5,One year,Fiber optic,Electronic check,Yes
CUST00121,Female,61,34.82,2403.05,Two year,,Mailed check,No
CUST00122,Male,35,87.95,2914.16,One year,DSL,Electronic check,No
CUST00123,Female,50,42.49,2119.24,Two year,No,Credit card,No
CUST00124,Male,62,63.14,3721.9,Two year,Fiber optic,Bank transfer,No
CUST00125,Male,17,91.92,1622.3,One year,DSL,Credit card,Yes
CUST00126,Female,3,76.33,335.68,One year,DSL,Bank transfer,No
CUST00127,Female,32,62.75,2152.21,Two year,Fiber optic,Credit card,No
CUST00128,Male,13,52.63,703.04,One year,DSL,Electronic check,No
CUST00129,Female,68,103.97,6878.63,Two year,DSL,Mailed check,No
CUST00130,Female,14,34.38,476.31,One year,DSL,Bank transfer,No
CUST00131,Female,11,63.01,736.79,One year,DSL,Bank transfer,Yes
CUST00132,Male,56,110.38,6080.77,Month-to-month,Fiber optic,Bank transfer,No
CUST00133,Male,67,104.58,6980.36,Month-to-month,Fiber optic,Electronic check,No
CUST00134,Male,29,60.09,1614.91,Two year,DSL,Electronic check,No
CUST00135,Male,9,96.31,805.52,One year,DSL,Credit card,No
CUST00136,Male,67,102.32,6946.69,One year,DSL,Bank transfer,No
CUST00137,Male,25,108.89,2790.27,Two year,Fiber optic,,No
CUST00138,Male,42,74.45,2987.38,One year,DSL,Bank transfer,No
CUST00139,Male,9,40.45,293.55,Month-to-month,Fiber optic,Credit card,No
CUST00140,Male,40,45.53,1826.91,One year,Fiber optic,Electronic check,No
CUST00141,Female,25,49.57,1261.9,One year,DSL,Credit card,No
CUST00142,Male,5,79.38,330.61,Month-to-month,DSL,Credit card,No
CUST00143,Female,11,23.28,303.73,Month-to-month,DSL,Credit card,Yes
CUST00144,Female,59,83.6,4928.87,Month-to-month,Fiber optic,Credit card,No
CUST00145,Female,38,56.44,1887.06,Month-to-month,No,Mailed check,No
CUST00146,Male,72,49.52,3508.27,Month-to-month,DSL,Mailed check,Yes
CUST00147,Male,5,107.95,479.73,Month-to-month,No,Electronic check,Yes
CUST00148,Male,48,66.0,3235.83,Month-to-month,DSL,Electronic check,No
CUST00149,Male,18,29.51,600.79,Month-to-month,Fiber optic,Mailed check,Yes
CUST00150,Female,70,102.67,7019.69,Month-to-month,,Mailed check,No
CUST00151,Male,37,24.76,959.97,One year,Fiber optic,Electronic check,Yes
CUST00152,Male,60,92.67,5552.8,Two year,Fiber optic,Mailed check,No
CUST00153,Male,48,97.39,4687.36,One year,Fiber optic,Electronic check,No
CUST00154,Male,28,55.26,1485.9,Month-to-month,Fiber optic,Credit card,Yes
CUST00155,Male,69,102.48,7064.94,Month-to-month,Fiber optic,Electronic check,Yes
CUST00156,Female,40,71.57,2977.83,Month-to-month,Fiber optic,Bank transfer,No
CUST00157,Male,45,66.33,2996.07,Month-to-month,DSL,Mailed check,No
CUST00158,Female,62,24.54,1517.24,Month-to-month,DSL,Electronic check,No
CUST00159,Male,58,49.0,2794.08,Month-to-month,Fiber optic,Credit card,No
CUST00160,Female,67,113.1,7682.93,Month-to-month,Fiber optic,Mailed check,Yes
CUST00161,Male,56,59.18,3186.0,Two year,Fiber optic,Electronic check,No
CUST00162,Male,40,74.67,2906.6,Month-to-month,Fiber optic,Electronic check,Yes
CUST00163,Female,40,73.2,2794.18,Month-to-month,No,Electronic check,Yes
CUST00164,Female,33,79.04,2628.39,Two year,Fiber optic,Electronic check,Yes
CUST00165,Female,6,26.13,274.75,Month-to-month,Fiber optic,Mailed check,Yes
CUST00166,Male,19,56.22,1035.3,Month-to-month,Fiber optic,Mailed check,No
CUST00167,Female,40,92.31,3585.46,One year,Fiber optic,Credit card,No
CUST00168,Male,59,40.06,2527.18,One year,DSL,Bank transfer,No
CUST00169,Male,59,40.36,2426.37,One year,Fiber optic,Electronic check,No
CUST00170,Female,48,21.01,1036.23,Month-to-month,Fiber optic,Electronic check,No
CUST00171,Female,41,63.75,2594.73,Month-to-month,No,Mailed check,No
CUST00172,Male,13,108.27,1474.41,Month-to-month,DSL,Electronic check,Yes
CUST00173,Male,45,25.19,1159.74,Month-to-month,DSL,Electronic check,No
CUST00174,Female,53,39.11,2024.7,Two year,No,Credit card,No
CUST00175,Female,42,51.01,2111.04,One year,Fiber optic,Electronic check,No
CUST00176,Female,63,93.17,5767.72,Month-to-month,Fiber optic,Credit card,No
CUST00177,Male,27,84.06,2155.16,One year,Fiber optic,Electronic check,No
CUST00178,Male,38,61.59,2310.75,Month-to-month,Fiber optic,Credit card,Yes
CUST00179,Male,60,95.91,5870.02,Two year,Fiber optic,Bank transfer,No
CUST00180,Male,7,80.96,463.3,Month-to-month,DSL,Bank transfer,Yes
CUST00181,Male,5,109.6,631.64,Month-to-month,Fiber optic,Electronic check,Yes
CUST00182,Male,45,101.8,4501.11,Month-to-month,No,Credit card,No
CUST00183,Female,58,45.28,2447.58,One year,DSL,Credit card,No
CUST00184,Male,31,47.14,1516.0,One year,No,Bank transfer,No
CUST00185,Male,23,32.54,,Month-to-month,No,Mailed check,No
CUST00186,Male,42,53.7,2169.83,Month-to-month,Fiber optic,Bank transfer,Yes
CUST00187,Female,10,119.95,1042.51,Month-to-month,Fiber optic,Electronic check,Yes
CUST00188,Male,32,60.58,1984.05,Month-to-month,Fiber optic,Bank transfer,Yes
CUST00189,Male,53,42.05,2136.33,Two year,DSL,Credit card,No
CUST00190,Female,30,96.25,2941.16,Month-to-month,Fiber optic,Mailed check,No
CUST00191,Male,39,74.25,3010.9,Month-to-month,No,Electronic check,No
CUST00192,Male,31,34.96,1116.82,One year,Fiber optic,Mailed check,No
CUST00193,Male,2,58.07,197.12,Month-to-month,Fiber optic,Bank transfer,No
CUST00194,Male,12,61.45,819.06,One year,DSL,Electronic check,No
CUST00195,Male,39,95.38,3818.81,Two year,DSL,Electronic check,No
CUST00196,Female,66,22.07,1461.14,Month-to-month,Fiber optic,Electronic check,No
CUST00197,Female,13,46.9,687.61,Two year,DSL,Bank transfer,Yes
CUST00198,Female,46,71.76,3317.4,One year,Fiber optic,Electronic check,No
CUST00199,Male,27,46.88,1304.89,Month-to-month,Fiber optic,Bank transfer,No
CUST00200,Male,17,82.84,1713.45,Month-to-month,Fiber optic,Mailed check,No
CUST00201,Male,60,68.19,4115.56,Month-to-month,DSL,Bank transfer,Yes
CUST00202,Female,64,56.17,3445.1,One year,Fiber optic,Credit card,No
CUST00203,Male,35,114.92,4002.46,One year,Fiber optic,Electronic check,No
CUST00204,Male,70,83.22,5794.35,Two year,DSL,Electronic check,No
CUST00205,Female,30,32.99,963.22,Two year,DSL,Credit card,No
CUST00206,Male,71,76.01,5492.05,One year,DSL,Electronic check,No
CUST00207,Female,63,98.07,6291.47,One year,No,Electronic check,No
CUST00208,Female,28,90.85,2533.24,Month-to-month,DSL,Credit card,No
CUST00209,Female,60,37.21,2093.41,Month-to-month,Fiber optic,Credit card,No
CUST00210,Male,37,117.24,4347.79,Month-to-month,No,Bank transfer,No
CUST00211,Male,22,64.88,1373.02,One year,Fiber optic,Electronic check,No
CUST00212,Male,68,35.9,2462.24,Month-to-month,DSL,Mailed check,No
CUST00213,Male,20,38.02,748.3,Month-to-month,No,Electronic check,Yes
CUST00214,Male,68,29.82,2149.4,Month-to-month,DSL,Bank transfer,Yes
CUST00215,Male,64,100.35,6449.88,Month-to-month,Fiber optic,Bank transfer,No
CUST00216,Male,17,32.2,493.38,One year,No,Credit card,No
CUST00217,Female,12,32.51,251.57,Month-to-month,Fiber optic,Electronic check,No
CUST00218,Male,22,105.05,2306.3,One year,Fiber optic,Bank transfer,Yes
CUST00219,Female,17,54.46,921.38,Month-to-month,DSL,Electronic check,Yes
CUST00220,Male,10,23.09,204.65,One year,Fiber optic,Electronic check,No
CUST00221,Male,65,25.19,1714.88,Month-to-month,Fiber optic,Bank transfer,Yes
CUST00222,Male,22,34.22,614.56,Month-to-month,DSL,Electronic check,No
CUST00223,Female,50,41.34,1990.75,One year,No,Bank transfer,No
CUST00224,Female,14,86.51,1216.43,Month-to-month,No,Bank transfer,No
CUST00225,Female,64,35.73,2230.77,Month-to-month,No,Credit card,No
CUST00226,Female,47,31.89,1463.16,Month-to-month,Fiber optic,Bank transfer,No
CUST00227,Male,29,96.47,2791.6,Month-to-month,Fiber optic,Credit card,Yes
CUST00228,Female,36,87.11,3204.56,Month-to-month,No,Mailed check,No
CUST00229,Male,52,63.53,3293.5,Month-to-month,No,Electronic check,Yes
CUST00230,Male,7,74.93,327.54,One year,Fiber optic,Mailed check,Yes
CUST00231,Female,29,51.2,1424.52,Two year,DSL,Mailed check,No
CUST00232,Female,11,68.25,800.33,Month-to-month,DSL,Bank transfer,Yes
CUST00233,Female,33,70.67,2408.38,Two year,Fiber optic,Bank transfer,No
CUST00234,Female,6,58.72,434.11,Month-to-month,Fiber optic,Mailed check,Yes
CUST00235,Female,32,110.66,3651.24,One year,Fiber optic,Electronic check,No
CUST00236,Female,51,21.61,1113.95,One year,DSL,Electronic check,No
CUST00237,Female,58,98.22,5723.08,One year,DSL,Bank transfer,No
CUST00238,Female,26,32.44,742.05,Month-to-month,Fiber optic,Bank transfer,No
CUST00239,Male,46,99.75,4371.04,Month-to-month,Fiber optic,Bank transfer,No
CUST00240,Female,29,81.59,2224.35,Month-to-month,DSL,Mailed check,No
CUST00241,Female,4,104.33,347.14,Month-to-month,Fiber optic,Electronic check,Yes
CUST00242,Male,13,29.75,250.78,Month-to-month,Fiber optic,Bank transfer,No
CUST00243,Female,39,75.9,2930.81,Month-to-month,Fiber optic,Bank transfer,Yes
CUST00244,Male,15,70.11,1005.44,Month-to-month,Fiber optic,Mailed check,Yes
CUST00245,Male,29,90.62,2721.76,Month-to-month,DSL,Bank transfer,Yes
CUST00246,Female,29,73.43,2032.56,One year,Fiber optic,Mailed check,No
CUST00247,Male,32,74.07,2384.3,Two year,No,Bank transfer,No
CUST00248,Male,2,62.96,83.94,Two year,DSL,Credit card,No
CUST00249,Male,47,50.88,2290.7,Month-to-month,Fiber optic,,No
CUST00250,Male,22,68.23,1428.29,One year,Fiber optic,Mailed check,No
CUST00251,Female,27,31.85,654.82,Two year,No,Mailed check,No
CUST00252,Male,67,116.15,7856.88,Month-to-month,Fiber optic,Bank transfer,No
CUST00253,Female,56,91.44,5260.87,Month-to-month,DSL,Bank transfer,Yes
CUST00254,Male,21,115.25,2393.5,Two year,Fiber optic,Bank transfer,No
CUST00255,Male,47,42.67,2008.4,Month-to-month,DSL,Bank transfer,Yes
CUST00256,Male,59,107.93,6338.28,Month-to-month,No,Electronic check,No
CUST00257,Male,6,100.88,523.27,Month-to-month,Fiber optic,Credit card,No
CUST00258,Female,19,87.72,1737.17,Month-to-month,Fiber optic,Bank transfer,Yes
CUST00259,Female,57,82.5,4734.41,Two year,Fiber optic,Mailed check,No
CUST00260,Male,69,51.65,3272.64,One year,Fiber optic,Bank transfer,No
CUST00261,Male,3,101.64,201.46,Month-to-month,DSL,Electronic check,No
CUST00262,Female,1,70.15,70.15,Month-to-month,Fiber optic,Electronic check,Yes
CUST00263,Male,58,27.09,1726.76,One year,Fiber optic,Electronic check,No
CUST00264,Male,38,51.29,1931.84,One year,Fiber optic,Bank transfer,No
CUST00265,Male,15,113.53,1727.02,Month-to-month,Fiber optic,Credit card,No
CUST00266,Female,34,105.07,3537.05,Two year,Fiber optic,Bank transfer,No
CUST00267,Female,61,118.19,7319.86,Month-to-month,DSL,Mailed check,No
CUST00268,Female,35,82.8,2984.07,Month-to-month,Fiber optic,Mailed check,No
CUST00269,Male,64,44.75,2842.45,One year,DSL,Electronic check,No
CUST00270,Male,25,36.28,1078.8,Month-to-month,Fiber optic,Electronic check,Yes
CUST00271,Female,24,38.69,947.09,Two year,DSL,Bank transfer,No
CUST00272,Female,12,21.98,117.75,One year,DSL,Credit card,No
CUST00273,Female,18,59.07,1073.26,One year,DSL,Mailed check,No
CUST00274,Female,15,39.14,638.84,Month-to-month,Fiber optic,Bank transfer,No
CUST00275,Male,27,61.17,1638.27,Month-to-month,Fiber optic,Credit card,Yes
CUST00276,Female,72,113.5,8130.85,Month-to-month,DSL,Electronic check,No
CUST00277,Male,60,63.05,3959.44,Month-to-month,DSL,Bank transfer,No
CUST00278,Female,46,107.8,4840.21,One year,No,Bank transfer,No
CUST00279,Male,17,80.55,1092.98,Two year,DSL,Bank transfer,No
CUST00280,Female,53,44.71,2531.54,One year,No,Electronic check,No
CUST00281,Female,8,55.59,322.12,Two year,DSL,Bank transfer,No
CUST00282,Female,27,28.39,737.87,One year,Fiber optic,Bank transfer,No
CUST00283,Female,46,53.35,2416.36,Month-to-month,DSL,Electronic check,No
CUST00284,Male,50,87.75,4510.67,Month-to-month,No,Mailed check,No
CUST00285,Female,71,27.21,2075.4,One year,Fiber optic,Electronic check,No
CUST00286,Male,3,40.54,40.54,Month-to-month,Fiber optic,Credit card,No
CUST00287,Male,64,58.14,3856.65,Month-to-month,DSL,Mailed check,No
CUST00288,Male,44,118.2,5334.64,Month-to-month,Fiber optic,Credit card,Yes
CUST00289,Male,53,98.49,5221.91,Two year,Fiber optic,Mailed check,No
CUST00290,Female,24,93.35,2333.65,Month-to-month,DSL,Electronic check,No
CUST00291,Male,60,31.62,2000.48,One year,DSL,Electronic check,No
CUST00292,Male,3,98.1,269.06,Two year,Fiber optic,Electronic check,No
CUST00293,Male,20,98.53,1954.84,Month-to-month,DSL,Electronic check,No
CUST00294,Female,46,80.11,3743.99,Month-to-month,Fiber optic,Bank transfer,No
CUST00295,Female,15,119.04,1622.75,Month-to-month,Fiber optic,Electronic check,Yes
CUST00296,Female,25,52.53,1277.87,One year,No,Mailed check,No
CUST00297,Female,71,114.13,7983.19,One year,No,Mailed check,No
CUST00298,Male,17,111.47,2037.35,Two year,No,Bank transfer,No
CUST00299,Male,9,21.15,153.79,One year,DSL,Bank transfer,No
CUST00300,Female,38,65.01,2498.02,Month-to-month,No,Bank transfer,No
CUST00301,Male,48,117.71,5628.24,Month-to-month,DSL,Credit card,No
CUST00302,Male,60,30.31,1790.25,One year,Fiber optic,Electronic check,No
CUST00303,Male,63,74.78,4732.24,Month-to-month,Fiber optic,Mailed check,Yes
CUST00304,Female,2,117.9,162.74,Month-to-month,DSL,Mailed check,Yes
CUST00305,Female,72,75.55,5419.75,Month-to-month,No,Mailed check,No
CUST00306,Male,11,38.98,408.2,Month-to-month,DSL,Bank transfer,No
CUST00307,Female,64,78.22,4963.76,Month-to-month,Fiber optic,Mailed check,No
CUST00308,Female,72,40.44,2950.79,Month-to-month,Fiber optic,Mailed check,Yes
CUST00309,Female,21,71.97,1466.67,Month-to-month,Fiber optic,Mailed check,No
CUST00310,Female,18,27.4,654.31,Month-to-month,DSL,Credit card,No
CUST00311,Female,64,80.55,5218.1,One year,Fiber optic,Credit card,No
CUST00312,Male,38,71.68,2588.91,Two year,Fiber optic,Electronic check,No
CUST00313,Female,32,94.02,3063.73,Month-to-month,DSL,Electronic check,No
CUST00314,Male,11,83.07,844.82,One year,Fiber optic,Credit card,Yes
CUST00315,Male,45,74.96,3386.77,Month-to-month,DSL,Credit card,No
CUST00316,Female,33,88.98,2863.22,Month-to-month,Fiber optic,Electronic check,Yes
CUST00317,Male,41,34.39,1190.55,Two year,No,Mailed check,Yes
CUST00318,Male,8,79.54,634.15,One year,Fiber optic,Credit card,Yes
CUST00319,Male,11,37.21,265.87,Two year,Fiber optic,Bank transfer,No
CUST00320,Female,51,112.55,5782.02,Month-to-month,Fiber optic,Electronic check,No
CUST00321,Female,41,26.83,1117.51,Month-to-month,Fiber optic,Bank transfer,Yes
CUST00322,Male,17,63.04,1011.29,Two year,DSL,Credit card,No
CUST00323,Female,46,89.58,4303.23,Month-to-month,DSL,Credit card,No
CUST00324,Female,32,65.8,1981.67,Month-to-month,Fiber optic,Bank transfer,Yes
CUST00325,Female,54,29.21,1514.91,One year,Fiber optic,Bank transfer,No
CUST00326,Female,20,75.34,1394.73,Two year,Fiber optic,Electronic check,No
CUST00327,Male,33,84.16,2981.41,Two year,DSL,Credit card,No
CUST00328,Male,40,90.38,3750.42,Month-to-month,Fiber optic,Electronic check,Yes
CUST00329,Female,32,57.33,1692.35,Two year,DSL,Credit card,No
CUST00330,Female,2,76.37,76.37,Month-to-month,No,Mailed check,Yes
CUST00331,Male,33,65.07,2068.14,Month-to-month,Fiber optic,Credit card,No
CUST00332,Male,30,87.21,2561.23,One year,DSL,Electronic check,No
CUST00333,Female,33,78.36,2481.6,Month-to-month,DSL,Mailed check,No
CUST00334,Male,26,72.58,1826.5,Month-to-month,No,Electronic check,No
CUST00335,Female,22,44.95,1089.39,One year,DSL,Bank transfer,No
CUST00336,Female,66,20.2,1527.89,Month-to-month,Fiber optic,Credit card,Yes
CUST00337,Male,38,37.41,1267.14,Month-to-month,DSL,Bank transfer,Yes
CUST00338,Male,46,31.71,1354.55,Month-to-month,No,Mailed check,No
CUST00339,Female,15,64.91,995.01,Month-to-month,No,Electronic check,No
CUST00340,Female,44,81.23,3416.09,Month-to-month,Fiber optic,Credit card,Yes
CUST00341,Male,49,41.31,2048.13,One year,DSL,Bank transfer,No
CUST00342,Female,61,113.91,7002.52,One year,DSL,Bank transfer,No
CUST00343,Male,67,20.67,1454.96,Month-to-month,Fiber optic,Bank transfer,No
CUST00344,Female,6,97.23,634.59,Two year,Fiber optic,Bank transfer,No
CUST00345,Male,9,82.52,689.16,Month-to-month,DSL,Mailed check,Yes
CUST00346,Male,6,57.36,325.99,Month-to-month,DSL,Bank transfer,Yes
CUST00347,Male,32,25.05,683.65,Two year,Fiber optic,Bank transfer,No
CUST00348,Female,41,82.75,3439.18,Month-to-month,Fiber optic,Credit card,No
CUST00349,Female,8,58.56,628.82,Two year,DSL,Credit card,No
CUST00350,Male,72,113.63,8227.58,Month-to-month,DSL,Electronic check,No
CUST00351,Female,50,74.2,3640.5,One year,No,Mailed check,No
CUST00352,Male,62,113.97,7165.62,Month-to-month,Fiber optic,Electronic check,Yes
CUST00353,Male,62,42.05,2843.66,Month-to-month,Fiber optic,Electronic check,Yes
CUST00354,Female,7,92.57,672.3,Month-to-month,Fiber optic,Bank transfer,Yes
CUST00355,Female,4,81.72,382.33,One year,DSL,Credit card,Yes
CUST00356,Male,6,93.94,631.41,Month-to-month,DSL,Electronic check,Yes
CUST00357,Female,58,41.47,2244.81,Two year,DSL,Mailed check,No
CUST00358,Female,22,86.5,1861.89,Month-to-month,Fiber optic,Credit card,No
CUST00359,Male,26,69.8,1763.41,Month-to-month,Fiber optic,Credit card,Yes
CUST00360,Male,3,94.28,366.33,Month-to-month,DSL,Mailed check,Yes
CUST00361,Female,41,52.7,2232.54,One year,No,Bank transfer,No
CUST00362,Male,60,109.01,6528.53,Two year,DSL,Mailed check,No
CUST00363,Male,14,28.43,340.63,Month-to-month,No,Electronic check,No
CUST00364,Female,12,100.72,1039.98,One year,No,Electronic check,Yes
CUST00365,Male,12,106.13,1272.02,Month-to-month,DSL,Electronic check,Yes
CUST00366,Male,13,101.73,1227.03,One year,DSL,Mailed check,No
CUST00367,Female,25,71.27,1673.9,Two year,Fiber optic,Credit card,No
CUST00368,Female,45,63.84,2965.43,Month-to-month,Fiber optic,Bank transfer,No
CUST00369,Male,19,119.63,2355.16,Month-to-month,Fiber optic,Mailed check,No
CUST00370,Male,55,42.92,2311.74,Two year,No,Mailed check,No
CUST00371,Female,45,74.69,3204.15,Two year,Fiber optic,Electronic check,No
CUST00372,Female,8,87.07,613.98,One year,DSL,Bank transfer,Yes
CUST00373,Female,53,90.09,4874.1,Month-to-month,DSL,Credit card,No
CUST00374,Female,55,40.4,2268.77,Month-to-month,Fiber optic,Electronic check,No
CUST00375,Male,32,85.4,2685.62,Month-to-month,DSL,Electronic check,Yes
CUST00376,Female,51,101.84,5199.72,Two year,Fiber optic,Bank transfer,No
CUST00377,Female,44,25.0,892.52,One year,DSL,Bank transfer,No
CUST00378,Male,70,111.15,7565.45,Month-to-month,DSL,Mailed check,Yes
CUST00379,Female,18,22.95,610.81,Month-to-month,DSL,,No
CUST00380,Male,22,55.6,1273.85,Month-to-month,Fiber optic,Bank transfer,Yes
CUST00381,Female,37,21.58,798.63,Month-to-month,DSL,Electronic check,Yes
CUST00382,Female,56,27.71,1512.06,Month-to-month,Fiber optic,Mailed check,No
CUST00383,Female,59,111.12,6379.9,Month-to-month,Fiber optic,Mailed check,No
CUST00384,Male,3,55.49,265.79,Month-to-month,Fiber optic,Credit card,No
CUST00385,Male,28,62.48,1635.75,Month-to-month,Fiber optic,Credit card,Yes
CUST00386,Female,35,41.53,1523.97,Month-to-month,DSL,Credit card,No
CUST00387,Male,61,79.71,4875.51,Month-to-month,Fiber optic,Bank transfer,No
CUST00388,Male,54,79.48,4286.71,Month-to-month,DSL,Bank transfer,No
CUST00389,Male,63,57.22,3474.62,Month-to-month,Fiber optic,Bank transfer,No
CUST00390,Male,7,53.3,244.19,Month-to-month,DSL,Credit card,Yes
CUST00391,Male,49,108.5,5355.49,Month-to-month,Fiber optic,Electronic check,No
CUST00392,Male,31,58.33,1816.15,Month-to-month,No,Mailed check,No
CUST00393,Female,58,69.35,4027.02,One year,Fiber optic,Bank transfer,No
CUST00394,Female,61,48.33,2976.73,Two year,Fiber optic,Bank transfer,No
CUST00395,Male,24,98.68,2174.65,One year,Fiber optic,Electronic check,No
CUST00396,Female,20,59.74,1296.31,Month-to-month,DSL,Bank transfer,Yes
CUST00397,Female,37,71.36,2604.73,Two year,No,Bank transfer,No
CUST00398,Female,4,45.34,298.32,One year,DSL,Mailed check,No
CUST00399,Female,20,118.77,2174.57,Month-to-month,No,Bank transfer,No
CUST00400,Male,60,49.15,3005.9,Month-to-month,Fiber optic,Mailed check,Yes
CUST00401,Female,24,97.07,2385.64,Two year,Fiber optic,Credit card,No
CUST00402,Female,50,62.75,2988.89,Month-to-month,Fiber optic,Mailed check,No
CUST00403,Male,49,40.62,1926.45,Month-to-month,Fiber optic,Bank transfer,No
CUST00404,Male,51,99.97,4992.52,One year,Fiber optic,Electronic check,No
CUST00405,Female,36,53.36,2007.28,Two year,DSL,Electronic check,No
CUST00406,Female,66,106.52,7061.21,Month-to-month,Fiber optic,Bank transfer,Yes
CUST00407,Female,34,111.53,3951.9,Month-to-month,Fiber optic,Mailed check,No
CUST00408,Female,36,105.98,3835.58,Month-to-month,No,Mailed check,Yes
CUST00409,Female,6,23.5,214.22,One year,Fiber optic,Electronic check,Yes
CUST00410,Female,39,98.74,3968.06,Month-to-month,DSL,Credit card,No
CUST00411,Male,42,61.13,2622.9,Month-to-month,DSL,Bank transfer,No
CUST00412,Female,58,107.37,6189.04,Two year,Fiber optic,Electronic check,No
CUST00413,Female,12,83.8,948.57,Month-to-month,DSL,Bank transfer,No
CUST00414,Male,3,103.36,302.11,One year,DSL,Credit card,No
CUST00415,Male,18,69.94,1338.58,Month-to-month,Fiber optic,Bank transfer,Yes
CUST00416,Male,40,73.5,2863.39,Month-to-month,Fiber optic,Electronic check,Yes
CUST00417,Male,21,34.44,788.46,One year,Fiber optic,Bank transfer,No
CUST00418,Female,15,98.4,1508.26,Month-to-month,DSL,Electronic check,No
CUST00419,Female,26,61.94,1485.11,Month-to-month,Fiber optic,Electronic check,Yes
CUST00420,Female,8,70.01,620.43,Month-to-month,DSL,Electronic check,Yes
CUST00421,Female,42,98.51,4151.61,One year,Fiber optic,,No
CUST00422,Female,44,79.88,3459.67,Two year,DSL,Electronic check,No
CUST00423,Female,14,40.11,574.28,Two year,No,Credit card,No
CUST00424,Male,2,79.02,106.87,Month-to-month,Fiber optic,Electronic check,Yes
CUST00425,Female,37,60.76,2272.89,Month-to-month,Fiber optic,Electronic check,Yes
CUST00426,Male,69,66.95,4602.75,Month-to-month,Fiber optic,Mailed check,No
CUST00427,Male,38,22.83,714.55,Two year,Fiber optic,Electronic check,No
CUST00428,Female,41,41.0,1667.2,Month-to-month,DSL,Mailed check,No
CUST00429,Male,62,48.1,2937.93,Two year,Fiber optic,Electronic check,Yes
CUST00430,Female,60,91.3,5541.56,Month-to-month,DSL,Electronic check,No
CUST00431,Male,14,21.15,384.08,Two year,No,Electronic check,No
CUST00432,Female,2,60.88,70.86,Two year,Fiber optic,Mailed check,No
CUST00433,Male,70,112.4,7789.06,Two year,DSL,Electronic check,No
CUST00434,Female,17,31.19,362.21,Month-to-month,Fiber optic,Bank transfer,No
CUST00435,Female,28,71.64,1924.52,Month-to-month,Fiber optic,Bank transfer,No
CUST00436,Female,66,98.65,6478.57,Month-to-month,DSL,Bank transfer,No
CUST00437,Female,35,114.25,3864.82,Month-to-month,No,Mailed check,No
CUST00438,Female,5,94.68,562.71,Month-to-month,Fiber optic,Bank transfer,Yes
CUST00439,Male,65,92.06,6010.12,Month-to-month,Fiber optic,Credit card,No
CUST00440,Male,40,102.65,4093.96,Month-to-month,Fiber optic,Electronic check,Yes
CUST00441,Male,56,64.62,3617.05,One year,DSL,Electronic check,No
CUST00442,Female,36,100.58,3651.48,One year,No,Electronic check,No
CUST00443,Male,45,20.8,999.31,Month-to-month,DSL,Electronic check,No
CUST00444,Female,23,112.46,2667.48,Two year,DSL,Electronic check,No
CUST00445,Female,47,64.33,2992.6,Month-to-month,Fiber optic,Bank transfer,No
CUST00446,Male,31,75.34,2321.35,Month-to-month,Fiber optic,Mailed check,No
CUST00447,Male,11,45.49,517.69,Month-to-month,Fiber optic,Credit card,Yes
CUST00448,Female,10,94.25,924.22,Two year,DSL,Electronic check,No
CUST00449,Male,67,27.66,1940.45,Month-to-month,DSL,Electronic check,Yes
CUST00450,Female,14,107.26,1624.37,Month-to-month,DSL,Credit card,No
CUST00451,Female,10,102.81,1062.51,One year,No,Credit card,No
CUST00452,Female,1,41.61,41.61,Month-to-month,DSL,Mailed check,Yes
CUST00453,Female,5,100.93,555.49,One year,Fiber optic,Bank transfer,No
CUST00454,Female,20,98.64,2011.17,Two year,Fiber optic,Credit card,No
CUST00455,Male,8,83.22,566.56,Two year,Fiber optic,Mailed check,No
CUST00456,Male,43,57.35,2504.31,Month-to-month,No,Electronic check,No
CUST00457,Female,1,47.15,47.15,Month-to-month,DSL,Credit card,Yes
CUST00458,Female,57,43.18,2535.87,Month-to-month,DSL,Mailed check,No
CUST00459,Male,64,51.86,3369.07,Month-to-month,Fiber optic,Electronic check,No
CUST00460,Male,28,110.36,3112.38,Month-to-month,DSL,Mailed check,No
CUST00461,Female,37,27.76,1030.97,Month-to-month,Fiber optic,Mailed check,No
CUST00462,Male,47,102.89,4622.49,Two year,Fiber optic,Credit card,No
CUST00463,Female,37,54.89,1909.5,Two year,No,Electronic check,No
CUST00464,Male,49,72.16,3522.76,Month-to-month,DSL,Credit card,No
CUST00465,Female,44,99.45,4527.74,Month-to-month,No,Mailed check,No
CUST00466,Male,56,108.44,6129.11,Month-to-month,DSL,Mailed check,No
CUST00467,Female,28,54.48,1706.84,Month-to-month,Fiber optic,Electronic check,Yes
CUST00468,Male,6,66.18,405.38,One year,Fiber optic,Bank transfer,No
CUST00469,Male,61,61.45,3745.36,One year,Fiber optic,Credit card,No
CUST00470,Female,20,21.33,569.11,Two year,Fiber optic,Mailed check,No
CUST00471,Male,2,49.59,83.26,One year,No,Electronic check,No
CUST00472,Female,37,65.92,2340.39,Month-to-month,No,Bank transfer,No
CUST00473,Male,20,61.11,1253.88,One year,No,Bank transfer,No
CUST00474,Female,26,92.19,2509.19,Month-to-month,DSL,Electronic check,No
CUST00475,Male,29,58.48,1613.33,One year,No,Bank transfer,No
CUST00476,Female,1,68.94,127.84,Month-to-month,Fiber optic,Bank transfer,Yes
CUST00477,Male,35,62.96,2194.28,Month-to-month,DSL,Electronic check,Yes
CUST00478,Female,70,94.06,6629.33,Month-to-month,DSL,Mailed check,No
CUST00479,Male,59,106.3,6303.05,Month-to-month,DSL,Electronic check,Yes
CUST00480,Female,69,73.19,5008.68,Two year,DSL,Bank transfer,No
CUST00481,Female,33,98.94,3254.4,Month-to-month,Fiber optic,Bank transfer,No
CUST00482,Female,51,49.68,2498.36,Month-to-month,No,Mailed check,No
CUST00483,Male,12,74.14,901.55,Month-to-month,Fiber optic,Mailed check,No
CUST00484,Female,20,54.52,1005.79,One year,Fiber optic,Electronic check,No
CUST00485,Male,53,61.42,3194.55,Month-to-month,No,Credit card,No
CUST00486,Female,43,93.24,3967.92,Two year,DSL,Mailed check,No
CUST00487,Male,50,108.17,5447.67,Two year,No,Mailed check,No
CUST00488,Female,29,32.15,790.8,One year,Fiber optic,Mailed check,No
CUST00489,Male,57,83.46,4746.51,One year,Fiber optic,Mailed check,No
CUST00490,Male,39,78.21,2979.37,Month-to-month,DSL,Electronic check,Yes
CUST00491,Female,56,31.84,1741.9,Month-to-month,Fiber optic,Electronic check,No
CUST00492,Male,43,41.19,1705.15,One year,DSL,Electronic check,Yes
CUST00493,Male,50,51.1,2574.46,Month-to-month,Fiber optic,Bank transfer,No
CUST00494,Female,23,36.69,828.16,Month-to-month,DSL,Electronic check,No
CUST00495,Male,44,44.37,2023.44,One year,No,Electronic check,No
CUST00496,Male,38,46.76,1817.05,Month-to-month,Fiber optic,Bank transfer,No
CUST00497,Male,23,53.57,1078.41,Two year,DSL,Electronic check,No
CUST00498,Female,45,94.94,4176.3,Month-to-month,Fiber optic,Bank transfer,Yes
CUST00499,Male,52,77.19,3996.57,One year,DSL,Electronic check,No
CUST00500,Female,50,118.62,5926.71,Month-to-month,Fiber optic,Electronic check,Yes
CUST00501,Male,8,61.47,404.58,One year,No,Mailed check,No
CUST00502,Male,1,95.39,225.79,Month-to-month,Fiber optic,Electronic check,Yes
CUST00503,Male,8,107.15,943.67,Month-to-month,DSL,Credit card,Yes
CUST00504,Female,29,87.9,2384.63,Two year,Fiber optic,Mailed check,No
CUST00505,Male,5,61.19,340.49,Month-to-month,Fiber optic,Electronic check,Yes
CUST00506,Male,47,95.36,4477.34,Month-to-month,Fiber optic,Electronic check,No
CUST00507,Female,34,40.37,1496.97,Month-to-month,DSL,Mailed check,Yes
CUST00508,Male,65,52.76,3272.41,One year,Fiber optic,Electronic check,No
CUST00509,Female,55,74.67,4312.84,Month-to-month,Fiber optic,Electronic check,Yes
CUST00510,Female,43,77.54,3249.93,Two year,DSL,Mailed check,No
CUST00511,Male,30,22.21,704.15,Month-to-month,DSL,Credit card,No
CUST00512,Female,17,114.51,1886.03,Month-to-month,Fiber optic,Mailed check,Yes
CUST00513,Male,26,89.66,2293.54,One year,Fiber optic,Bank transfer,Yes
CUST00514,Female,8,69.57,387.62,One year,No,Credit card,Yes
CUST00515,Female,47,113.31,5445.26,Two year,Fiber optic,Electronic check,No
CUST00516,Male,72,63.91,4574.56,Two year,Fiber optic,Credit card,No
CUST00517,Female,46,118.04,5409.67,Month-to-month,DSL,,Yes
CUST00518,Female,68,71.23,5074.89,Month-to-month,No,Mailed check,No
CUST00519,Female,33,31.43,1133.13,Month-to-month,No,Credit card,No
CUST00520,Female,1,96.48,96.48,One year,No,Electronic check,No
CUST00521,Female,19,87.89,1608.88,Two year,Fiber optic,Electronic check,No
CUST00522,Male,31,97.3,3042.28,Month-to-month,DSL,Bank transfer,Yes
CUST00523,Female,14,115.14,1689.03,Month-to-month,Fiber optic,Mailed check,Yes
CUST00524,Male,53,97.65,5350.69,Month-to-month,Fiber optic,Electronic check,No
CUST00525,Female,48,81.13,3733.43,Two year,DSL,Electronic check,No
CUST00526,Male,69,105.73,7368.07,Month-to-month,Fiber optic,Bank transfer,No
CUST00527,Male,62,87.32,5502.61,Month-to-month,DSL,Bank transfer,No
CUST00528,Female,66,60.81,3934.51,Month-to-month,DSL,Bank transfer,No
CUST00529,Female,64,108.56,6911.81,Two year,Fiber optic,Credit card,No
CUST00530,Female,70,42.19,2790.27,One year,Fiber optic,Electronic check,No
CUST00531,Male,63,91.46,5711.89,One year,No,Electronic check,No
CUST00532,Female,33,108.16,3592.49,Month-to-month,DSL,Bank transfer,Yes
CUST00533,Male,41,93.13,3977.74,Month-to-month,DSL,Bank transfer,No
CUST00534,Male,48,89.73,4475.68,One year,DSL,Electronic check,No
CUST00535,Male,13,95.26,1135.45,Two year,DSL,Electronic check,Yes
CUST00536,Female,31,66.51,2207.6,Month-to-month,DSL,Credit card,Yes
CUST00537,Female,68,107.42,7109.63,Month-to-month,Fiber optic,Credit card,No
CUST00538,Male,4,40.34,102.87,Month-to-month,Fiber optic,Bank transfer,No
CUST00539,Male,19,32.74,591.88,Month-to-month,Fiber optic,Electronic check,Yes
CUST00540,Female,70,48.55,3423.68,Two year,No,Credit card,No
CUST00541,Male,13,73.16,961.73,Month-to-month,Fiber optic,Credit card,No
CUST00542,Female,23,71.06,1670.95,Month-to-month,DSL,Mailed check,Yes
CUST00543,Male,1,102.06,102.06,Month-to-month,DSL,Credit card,Yes
CUST00544,Female,54,60.46,3360.8,Month-to-month,No,Credit card,No
CUST00545,Male,71,68.43,4927.71,Month-to-month,Fiber optic,Credit card,No
CUST00546,Female,15,21.34,291.14,Month-to-month,Fiber optic,Credit card,No
CUST00547,Male,65,60.97,4047.29,Month-to-month,No,Bank transfer,No
CUST00548,Female,71,84.78,6226.22,One year,No,Bank transfer,No
CUST00549,Female,15,21.55,255.92,Month-to-month,No,Mailed check,Yes
CUST00550,Male,21,48.09,1177.42,Month-to-month,Fiber optic,Bank transfer,No
CUST00551,Male,19,40.8,716.85,Two year,DSL,Bank transfer,No
CUST00552,Female,60,24.2,1593.03,One year,No,Credit card,No
CUST00553,Male,33,67.93,2187.1,One year,Fiber optic,Mailed check,No
CUST00554,Female,49,38.17,1946.9,Month-to-month,DSL,Bank transfer,No
CUST00555,Male,35,94.31,3318.81,Month-to-month,Fiber optic,Mailed check,Yes
CUST00556,Female,44,104.79,4432.23,Month-to-month,Fiber optic,Bank transfer,Yes
CUST00557,Female,11,74.56,1011.72,Month-to-month,No,Bank transfer,Yes
CUST00558,Female,72,118.17,,Month-to-month,Fiber optic,Electronic check,No
CUST00559,Female,66,65.05,4166.34,Two year,DSL,Mailed check,No
CUST00560,Female,46,71.34,,Month-to-month,No,Electronic check,Yes
CUST00561,Female,9,118.92,1323.4,Month-to-month,Fiber optic,Electronic check,Yes
CUST00562,Male,3,43.15,43.15,One year,Fiber optic,Bank transfer,No
CUST00563,Male,26,114.25,2988.32,Month-to-month,DSL,Electronic check,Yes
CUST00564,Male,72,24.28,1635.84,One year,Fiber optic,Electronic check,No
CUST00565,Female,48,64.64,3007.55,One year,Fiber optic,Electronic check,No
CUST00566,Female,66,27.0,1622.06,One year,DSL,Electronic check,No
CUST00567,Female,70,92.92,6535.92,Two year,DSL,Bank transfer,No
CUST00568,Female,28,80.84,2247.4,Month-to-month,Fiber optic,Mailed check,Yes
CUST00569,Male,26,90.66,2244.02,Month-to-month,Fiber optic,Credit card,No
CUST00570,Male,25,57.45,1523.57,Two year,Fiber optic,Mailed check,No
CUST00571,Female,12,56.95,781.27,One year,DSL,Electronic check,No
CUST00572,Male,5,24.53,163.37,Month-to-month,Fiber optic,Electronic check,Yes
CUST00573,Male,48,54.99,2756.59,Two year,Fiber optic,Bank transfer,No
CUST00574,Female,37,112.93,4143.51,Month-to-month,DSL,Bank transfer,No
CUST00575,Male,44,57.92,2580.72,Two year,DSL,Credit card,Yes
CUST00576,Female,15,103.14,1512.59,Month-to-month,Fiber optic,Bank transfer,Yes
CUST00577,Male,43,104.23,4331.16,Month-to-month,No,Mailed check,Yes
CUST00578,Female,48,57.32,2773.28,Two year,Fiber optic,Bank transfer,No
CUST00579,Female,70,83.2,5839.87,Month-to-month,DSL,Credit card,No
CUST00580,Female,46,29.54,1355.82,Month-to-month,DSL,Mailed check,No
CUST00581,Female,43,30.37,1343.3,Month-to-month,No,Electronic check,No
CUST00582,Male,21,24.87,663.46,Two year,DSL,Bank transfer,No
CUST00583,Female,23,78.1,1775.86,Two year,Fiber optic,Mailed check,No
CUST00584,Female,47,62.61,2846.95,One year,Fiber optic,Credit card,No
CUST00585,Female,15,74.8,1097.22,One year,DSL,Mailed check,No
CUST00586,Male,25,72.11,,Two year,Fiber optic,Electronic check,No
CUST00587,Female,36,55.02,2079.08,Month-to-month,Fiber optic,Credit card,No
CUST00588,Male,51,87.75,4485.92,Month-to-month,Fiber optic,Credit card,No
CUST00589,Female,15,95.85,1322.93,One year,DSL,Electronic check,No
CUST00590,Male,68,21.46,1539.83,Month-to-month,DSL,Credit card,No
CUST00591,Male,21,40.72,919.63,Month-to-month,Fiber optic,Electronic check,No
CUST00592,Female,13,91.32,1197.87,Month-to-month,Fiber optic,Mailed check,Yes
CUST00593,Male,19,58.66,1209.36,Month-to-month,DSL,Credit card,No
CUST00594,Female,34,86.25,3044.06,Two year,DSL,Mailed check,No
CUST00595,Female,68,54.7,3681.86,Month-to-month,DSL,Electronic check,No
CUST00596,Female,52,59.08,2982.14,One year,No,Mailed check,No
CUST00597,Male,27,35.87,967.3,Month-to-month,Fiber optic,Bank transfer,Yes
CUST00598,Male,29,45.82,1382.44,Month-to-month,No,Electronic check,No
CUST00599,Female,28,80.54,2244.58,Month-to-month,DSL,Bank transfer,Yes
CUST00600,Female,35,63.32,2117.36,One year,No,Bank transfer,No
CUST00601,Male,8,97.43,795.71,One year,DSL,Electronic check,Yes
CUST00602,Female,16,105.26,1480.81,Two year,Fiber optic,Bank transfer,No
CUST00603,Female,36,74.16,2637.31,One year,Fiber optic,Credit card,No
CUST00604,Female,30,95.83,2960.02,One year,DSL,Mailed check,No
CUST00605,Male,18,50.69,1002.96,One year,Fiber optic,Mailed check,No
CUST00606,Male,2,61.5,61.5,Two year,DSL,Electronic check,No
CUST00607,Male,49,91.28,4453.46,One year,DSL,Bank transfer,No
CUST00608,Female,4,58.62,294.41,Month-to-month,Fiber optic,Credit card,Yes
CUST00609,Female,7,78.85,434.34,Month-to-month,Fiber optic,Electronic check,No
CUST00610,Female,39,38.54,1465.86,One year,Fiber optic,Mailed check,No
CUST00611,Male,13,79.98,1160.51,One year,Fiber optic,Mailed check,No
CUST00612,Female,31,106.15,3242.23,Month-to-month,Fiber optic,Bank transfer,Yes
CUST00613,Female,71,106.86,7746.92,Two year,DSL,Electronic check,No
CUST00614,Female,63,92.43,5748.97,Two year,DSL,Credit card,No
CUST00615,Female,56,94.58,5437.47,Month-to-month,No,Electronic check,No
CUST00616,Male,42,75.79,3186.54,Two year,DSL,Bank transfer,No
CUST00617,Male,61,78.47,4698.84,Month-to-month,Fiber optic,Mailed check,No
CUST00618,Female,42,33.37,1542.86,Month-to-month,DSL,Bank transfer,Yes
CUST00619,Male,56,64.39,3485.19,Month-to-month,Fiber optic,Electronic check,Yes
CUST00620,Male,36,65.08,2263.28,Month-to-month,Fiber optic,Bank transfer,No
CUST00621,Female,68,115.85,7926.79,Two year,DSL,Electronic check,No
CUST00622,Female,7,63.11,449.85,Month-to-month,DSL,Electronic check,Yes
CUST00623,Male,54,74.93,4073.62,Month-to-month,Fiber optic,Mailed check,No
CUST00624,Female,1,73.33,73.33,Month-to-month,Fiber optic,Bank transfer,Yes
CUST00625,Male,44,83.68,3561.98,Month-to-month,DSL,Electronic check,No
CUST00626,Female,45,94.82,4201.67,Month-to-month,Fiber optic,Electronic check,Yes
CUST00627,Male,47,42.5,2129.54,One year,DSL,Credit card,No
CUST00628,Female,13,72.87,813.61,Month-to-month,No,Credit card,Yes
CUST00629,Male,22,102.59,2421.43,Two year,Fiber optic,Electronic check,No
CUST00630,Male,21,66.31,1424.1,Two year,DSL,Bank transfer,No
CUST00631,Male,9,47.85,370.97,Month-to-month,Fiber optic,Mailed check,Yes
CUST00632,Female,26,85.47,2022.01,Two year,Fiber optic,Bank transfer,No
CUST00633,Male,9,102.38,734.35,Month-to-month,DSL,Credit card,Yes
CUST00634,Male,15,26.31,359.06,Month-to-month,Fiber optic,Electronic check,No
CUST00635,Female,10,97.68,929.1,Month-to-month,DSL,Bank transfer,Yes
CUST00636,Female,42,102.16,4302.49,Month-to-month,DSL,Mailed check,Yes
CUST00637,Male,72,66.15,4934.71,Month-to-month,DSL,Bank transfer,No
CUST00638,Male,24,118.33,2893.68,One year,Fiber optic,Bank transfer,No
CUST00639,Female,49,98.67,4821.96,Month-to-month,DSL,Credit card,No
CUST00640,Female,26,97.37,2653.3,One year,Fiber optic,Electronic check,No
CUST00641,Female,37,94.78,3521.93,Month-to-month,Fiber optic,Electronic check,Yes
CUST00642,Female,68,35.06,2544.05,One year,Fiber optic,Electronic check,No
CUST00643,Female,50,41.72,2018.79,Month-to-month,Fiber optic,Credit card,No
CUST00644,Male,24,66.4,1478.82,Month-to-month,Fiber optic,Bank transfer,Yes
CUST00645,Female,19,46.4,681.57,Month-to-month,Fiber optic,Bank transfer,Yes
CUST00646,Male,60,61.52,3680.66,Month-to-month,Fiber optic,Electronic check,No
CUST00647,Male,39,108.85,4121.69,Month-to-month,DSL,Credit card,Yes
CUST00648,Male,18,102.43,1718.86,Two year,No,Credit card,Yes
CUST00649,Female,19,83.0,1680.43,Month-to-month,DSL,Bank transfer,No
CUST00650,Male,36,105.81,3636.95,One year,DSL,Electronic check,No
CUST00651,Male,55,98.38,5421.26,One year,Fiber optic,Electronic check,No
CUST00652,Female,69,62.9,4331.78,Two year,DSL,Bank transfer,No
CUST00653,Male,47,40.11,1894.38,Month-to-month,DSL,Bank transfer,No
CUST00654,Male,49,71.42,3637.99,Month-to-month,Fiber optic,Electronic check,Yes
CUST00655,Female,33,93.62,3006.89,Two year,Fiber optic,Bank transfer,No
CUST00656,Male,21,63.64,1474.93,One year,Fiber optic,Electronic check,No
CUST00657,Male,22,86.68,1730.94,Month-to-month,Fiber optic,Bank transfer,Yes
CUST00658,Male,48,29.43,1477.71,Month-to-month,DSL,Mailed check,No
CUST00659,Female,37,94.8,3655.24,Month-to-month,DSL,Electronic check,No
CUST00660,Female,15,101.27,1113.64,One year,Fiber optic,Mailed check,Yes
CUST00661,Female,35,90.68,3170.26,One year,DSL,Mailed check,No
CUST00662,Male,71,116.73,8276.16,Month-to-month,Fiber optic,Electronic check,Yes
CUST00663,Male,32,102.67,3292.62,One year,DSL,Credit card,No
CUST00664,Female,11,110.31,1384.57,One year,Fiber optic,Electronic check,No
CUST00665,Male,10,113.36,1057.24,Month-to-month,Fiber optic,Electronic check,No
CUST00666,Male,57,100.13,5588.96,One year,Fiber optic,Electronic check,No
CUST00667,Female,25,87.43,2193.66,Two year,Fiber optic,Electronic check,No
CUST00668,Female,2,20.57,153.57,Month-to-month,Fiber optic,Electronic check,No
CUST00669,Male,64,66.58,4316.98,Two year,DSL,Electronic check,No
CUST00670,Male,35,77.12,2702.63,Month-to-month,DSL,Bank transfer,No
CUST00671,Male,7,50.4,329.88,Month-to-month,DSL,Electronic check,Yes
CUST00672,Female,18,51.81,731.89,Month-to-month,Fiber optic,Bank transfer,No
CUST00673,Female,67,116.12,7838.63,Month-to-month,Fiber optic,Electronic check,No
CUST00674,Female,42,109.17,4655.67,Month-to-month,Fiber optic,Electronic check,Yes
CUST00675,Female,39,104.92,4022.65,Month-to-month,DSL,Electronic check,No
CUST00676,Male,41,60.6,2438.13,Two year,Fiber optic,Credit card,No
CUST00677,Female,24,21.37,408.06,Month-to-month,No,Bank transfer,Yes
CUST00678,Female,60,28.02,1768.01,One year,DSL,Bank transfer,No
CUST00679,Female,46,51.22,2319.53,Month-to-month,DSL,Electronic check,No
CUST00680,Female,19,21.57,394.9,Two year,DSL,Credit card,No
CUST00681,Female,68,21.71,1539.21,One year,Fiber optic,Electronic check,No
CUST00682,Male,42,111.66,4722.42,Month-to-month,Fiber optic,Electronic check,Yes
CUST00683,Male,32,90.62,2956.17,One year,DSL,Bank transfer,No
CUST00684,Female,39,50.9,2002.58,Month-to-month,Fiber optic,Mailed check,No
CUST00685,Male,36,33.26,1217.07,One year,DSL,Credit card,No
CUST00686,Female,36,71.16,2580.52,Month-to-month,Fiber optic,Electronic check,No
CUST00687,Female,3,20.53,106.88,One year,Fiber optic,Credit card,No
CUST00688,Male,8,113.84,960.87,One year,Fiber optic,Bank transfer,No
CUST00689,Male,70,61.48,4181.13,Month-to-month,DSL,Bank transfer,Yes
CUST00690,Female,41,60.23,2409.71,Month-to-month,No,Electronic check,No
CUST00691,Female,68,59.06,3995.74,Two year,Fiber optic,Electronic check,No
CUST00692,Female,13,26.93,395.27,Month-to-month,DSL,Credit card,No
CUST00693,Male,49,83.83,4267.41,Month-to-month,DSL,Mailed check,Yes
CUST00694,Female,60,93.3,5516.68,Month-to-month,Fiber optic,Bank transfer,Yes
CUST00695,Female,2,87.61,263.09,Month-to-month,Fiber optic,Credit card,Yes
CUST00696,Female,60,33.84,1973.51,Two year,Fiber optic,Electronic check,No
CUST00697,Male,5,77.88,526.45,Month-to-month,Fiber optic,Bank transfer,Yes
CUST00698,Female,44,76.95,3577.03,Month-to-month,No,Bank transfer,No
CUST00699,Female,27,106.84,2709.88,One year,DSL,Electronic check,No
CUST00700,Male,32,57.91,1820.49,Two year,DSL,Electronic check,No
CUST00701,Female,21,57.15,965.13,Month-to-month,No,Mailed check,No
CUST00702,Female,8,81.85,485.82,Month-to-month,Fiber optic,Mailed check,No
CUST00703,Male,72,83.31,5835.57,Two year,Fiber optic,Bank transfer,No
CUST00704,Female,50,66.93,3408.91,One year,Fiber optic,Electronic check,No
CUST00705,Male,67,64.31,4352.47,Month-to-month,No,Credit card,No
CUST00706,Male,44,69.41,3134.16,Month-to-month,Fiber optic,Electronic check,No
CUST00707,Female,58,106.1,6214.59,Month-to-month,Fiber optic,Bank transfer,No
CUST00708,Female,3,66.12,246.87,Month-to-month,Fiber optic,Bank transfer,Yes
CUST00709,Female,70,113.99,7990.49,Month-to-month,DSL,Electronic check,Yes
CUST00710,Female,2,70.4,127.71,Two year,Fiber optic,Electronic check,No
CUST00711,Male,44,114.92,5158.44,Month-to-month,DSL,Bank transfer,No
CUST00712,Female,2,103.28,207.79,One year,No,Credit card,No
CUST00713,Male,35,56.24,2020.92,Month-to-month,Fiber optic,Electronic check,No
CUST00714,Female,30,106.36,2957.77,One year,Fiber optic,Mailed check,No
CUST00715,Female,8,31.01,130.57,One year,Fiber optic,Mailed check,No
CUST00716,Female,22,112.5,2573.02,Month-to-month,DSL,Electronic check,Yes
CUST00717,Male,44,83.16,3592.2,Month-to-month,DSL,Bank transfer,No
CUST00718,Female,58,25.44,1335.98,Month-to-month,No,Credit card,No
CUST00719,Female,36,84.43,3103.61,Two year,No,Electronic check,No
CUST00720,Female,69,117.42,8102.11,Two year,DSL,Credit card,No
CUST00721,Female,31,26.98,795.69,Month-to-month,No,Electronic check,No
CUST00722,Male,47,75.47,3698.0,Month-to-month,Fiber optic,Bank transfer,Yes
CUST00723,Female,55,94.78,5346.64,Month-to-month,Fiber optic,Mailed check,No
CUST00724,Male,62,101.03,6245.08,One year,DSL,Mailed check,No
CUST00725,Male,30,61.38,1913.64,Month-to-month,No,Mailed check,Yes
CUST00726,Male,55,40.42,1999.23,Month-to-month,Fiber optic,Electronic check,No
CUST00727,Male,16,24.23,497.02,Month-to-month,No,Bank transfer,No
CUST00728,Male,12,77.97,826.98,Month-to-month,Fiber optic,Bank transfer,No
CUST00729,Male,17,65.29,964.72,One year,Fiber optic,Electronic check,Yes
CUST00730,Female,16,114.87,1659.39,Month-to-month,Fiber optic,Credit card,Yes
CUST00731,Male,12,26.06,126.46,One year,DSL,Electronic check,Yes
CUST00732,Male,8,88.54,816.35,Month-to-month,DSL,Bank transfer,Yes
CUST00733,Male,3,22.5,130.61,Month-to-month,DSL,Electronic check,Yes
CUST00734,Female,16,37.14,517.65,One year,DSL,Electronic check,No
CUST00735,Female,30,65.36,2046.29,Two year,Fiber optic,Electronic check,No
CUST00736,Male,23,65.49,1446.77,One year,Fiber optic,Bank transfer,Yes
CUST00737,Female,5,88.57,475.21,Month-to-month,No,Bank transfer,Yes
CUST00738,Male,65,111.02,7168.07,Month-to-month,DSL,Mailed check,No
CUST00739,Male,30,83.9,2505.0,Two year,Fiber optic,Electronic check,No
CUST00740,Female,21,115.35,2331.53,Month-to-month,DSL,Mailed check,No
CUST00741,Male,70,108.16,7495.22,Month-to-month,DSL,Bank transfer,Yes
CUST00742,Female,22,78.45,1780.31,Two year,DSL,Bank transfer,No
CUST00743,Female,72,103.38,7513.84,Two year,Fiber optic,Electronic check,No
CUST00744,Male,32,84.26,2654.91,Two year,DSL,Electronic check,No
CUST00745,Male,33,27.86,766.83,Two year,Fiber optic,Bank transfer,No
CUST00746,Female,16,94.06,1752.08,Two year,DSL,Electronic check,No
CUST00747,Male,38,29.49,1124.29,Month-to-month,No,Electronic check,Yes
CUST00748,Male,14,79.41,1142.95,Month-to-month,Fiber optic,Electronic check,Yes
CUST00749,Male,36,90.26,3123.23,One year,No,Mailed check,No
CUST00750,Female,23,26.65,734.47,Month-to-month,No,Mailed check,No
CUST00751,Female,66,43.08,2980.07,Month-to-month,No,Bank transfer,No
CUST00752,Male,2,111.57,111.57,Month-to-month,No,Electronic check,Yes
CUST00753,Female,65,81.63,5295.71,Month-to-month,Fiber optic,Bank transfer,Yes
CUST00754,Female,67,44.63,2972.17,One year,DSL,Electronic check,No
CUST00755,Female,52,89.07,4870.48,Month-to-month,DSL,Credit card,Yes
CUST00756,Female,62,79.68,5084.52,Month-to-month,DSL,Bank transfer,No
CUST00757,Female,23,70.16,1468.6,Month-to-month,Fiber optic,Bank transfer,No
CUST00758,Male,26,117.62,2985.31,One year,Fiber optic,Electronic check,Yes
CUST00759,Male,68,88.35,5918.5,Month-to-month,No,Electronic check,No
CUST00760,Male,55,57.54,3201.87,Month-to-month,No,Mailed check,No
CUST00761,Female,6,100.01,757.28,One year,Fiber optic,Bank transfer,No
CUST00762,Female,35,108.46,3807.02,Month-to-month,Fiber optic,Electronic check,No
CUST00763,Male,22,32.52,765.56,Month-to-month,No,Credit card,No
CUST00764,Female,43,40.06,1656.15,Month-to-month,DSL,Credit card,No
CUST00765,Male,15,41.62,673.88,Month-to-month,Fiber optic,Mailed check,No
CUST00766,Male,60,89.12,5300.01,Two year,DSL,Credit card,No
CUST00767,Male,12,80.3,799.52,Month-to-month,Fiber optic,Electronic check,Yes
CUST00768,Female,49,81.9,4056.19,One year,DSL,Electronic check,No
CUST00769,Female,42,114.08,4790.37,Month-to-month,No,,Yes
CUST00770,Male,38,97.59,3598.7,Month-to-month,Fiber optic,Bank transfer,No
CUST00771,Male,45,32.79,1640.09,One year,DSL,Electronic check,No
CUST00772,Male,35,54.75,1839.6,Month-to-month,DSL,Credit card,Yes
CUST00773,Male,30,63.54,1967.11,Month-to-month,Fiber optic,Electronic check,Yes
CUST00774,Female,30,59.6,1751.75,Month-to-month,No,Electronic check,Yes
CUST00775,Female,6,86.93,675.94,Month-to-month,Fiber optic,Credit card,Yes
CUST00776,Male,67,109.19,7291.97,One year,Fiber optic,Electronic check,No
CUST00777,Male,7,50.61,186.81,Month-to-month,DSL,Electronic check,Yes
CUST00778,Female,52,75.19,3990.88,Two year,Fiber optic,Bank transfer,No
CUST00779,Female,14,98.94,1539.11,One year,Fiber optic,Electronic check,No
CUST00780,Male,15,61.62,881.54,Month-to-month,Fiber optic,Electronic check,Yes
CUST00781,Male,21,36.81,840.9,Month-to-month,DSL,Electronic check,Yes
CUST00782,Male,35,67.5,2375.44,Month-to-month,Fiber optic,Mailed check,No
CUST00783,Female,66,25.52,1646.05,One year,Fiber optic,Credit card,No
CUST00784,Female,2,114.24,312.56,Month-to-month,No,Credit card,Yes
CUST00785,Female,35,27.48,881.8,Two year,No,Electronic check,No
CUST00786,Male,20,63.85,1280.25,Month-to-month,Fiber optic,Mailed check,No
CUST00787,Male,10,72.99,755.64,Two year,Fiber optic,Mailed check,No
CUST00788,Female,25,118.53,2985.36,Month-to-month,DSL,Credit card,Yes
CUST00789,Female,66,36.6,2338.06,Two year,Fiber optic,Electronic check,No
CUST00790,Male,25,31.44,991.96,Month-to-month,Fiber optic,Mailed check,No
CUST00791,Female,54,20.87,1253.2,Month-to-month,DSL,Bank transfer,No
CUST00792,Female,33,35.56,1272.52,Month-to-month,Fiber optic,Credit card,No
CUST00793,Male,36,40.73,1609.6,Month-to-month,Fiber optic,Electronic check,Yes
CUST00794,Female,14,83.06,1169.72,Two year,DSL,Electronic check,No
CUST00795,Male,65,41.97,2690.92,Month-to-month,Fiber optic,Electronic check,Yes
CUST00796,Male,54,22.05,1081.8,Month-to-month,Fiber optic,Electronic check,Yes
CUST00797,Male,52,102.66,5267.98,One year,DSL,Bank transfer,No
CUST00798,Male,3,56.56,68.28,Month-to-month,DSL,Bank transfer,No
CUST00799,Male,41,55.37,2217.36,Month-to-month,Fiber optic,Bank transfer,Yes
CUST00800,Male,6,50.25,329.15,One year,Fiber optic,Electronic check,No
CUST00801,Male,25,117.54,3029.9,Month-to-month,DSL,Electronic check,No
CUST00802,Female,13,37.01,569.77,Two year,No,Electronic check,No
CUST00803,Male,8,109.82,761.41,Month-to-month,Fiber optic,Electronic check,Yes
CUST00804,Male,21,97.68,2120.19,Month-to-month,Fiber optic,Bank transfer,Yes
CUST00805,Female,68,27.65,1994.59,One year,Fiber optic,Electronic check,No
CUST00806,Female,25,118.67,2941.33,One year,No,Electronic check,Yes
CUST00807,Female,68,47.14,3325.3,Month-to-month,Fiber optic,Mailed check,No
CUST00808,Male,45,29.86,1431.28,One year,DSL,Mailed check,No
CUST00809,Female,60,102.93,6049.34,Month-to-month,No,Mailed check,No
CUST00810,Male,12,90.67,1307.21,Month-to-month,Fiber optic,Credit card,Yes
CUST00811,Male,32,81.72,2543.48,Two year,DSL,Electronic check,No
CUST00812,Male,13,35.6,558.54,Month-to-month,Fiber optic,Bank transfer,No
CUST00813,Male,31,67.85,2195.47,Month-to-month,Fiber optic,Electronic check,No
CUST00814,Female,20,98.06,1838.8,Two year,No,Electronic check,No
CUST00815,Female,18,50.36,924.38,Two year,Fiber optic,Credit card,No
CUST00816,Male,60,51.17,3161.09,Month-to-month,DSL,Electronic check,No
CUST00817,Male,63,20.31,1156.07,Month-to-month,Fiber optic,Bank transfer,No
CUST00818,Male,6,37.42,234.48,One year,Fiber optic,Electronic check,No
CUST00819,Female,32,107.54,3540.55,Two year,DSL,Mailed check,No
CUST00820,Male,43,64.17,,Two year,Fiber optic,Bank transfer,No
CUST00821,Male,2,118.42,197.13,Month-to-month,Fiber optic,Credit card,Yes
CUST00822,Female,60,59.57,3728.64,Month-to-month,DSL,Credit card,No
CUST00823,Female,23,91.52,2235.51,Month-to-month,Fiber optic,Bank transfer,No
CUST00824,Male,31,48.19,1518.01,One year,DSL,Electronic check,No
CUST00825,Female,5,56.38,216.0,One year,DSL,Bank transfer,No
CUST00826,Female,34,39.07,1211.79,One year,Fiber optic,Bank transfer,No
CUST00827,Male,10,54.71,584.85,Two year,DSL,Electronic check,No
CUST00828,Female,2,74.72,295.89,Month-to-month,Fiber optic,Mailed check,Yes
CUST00829,Male,11,119.18,1296.26,Month-to-month,DSL,Credit card,Yes
CUST00830,Female,50,86.42,4235.09,Month-to-month,Fiber optic,Mailed check,No
CUST00831,Male,31,39.92,1320.01,Month-to-month,DSL,Electronic check,No
CUST00832,Male,56,24.5,1389.45,Month-to-month,No,Credit card,No
CUST00833,Male,9,32.64,345.35,Month-to-month,Fiber optic,Electronic check,Yes
CUST00834,Female,21,76.26,1548.93,One year,Fiber optic,Electronic check,No
CUST00835,Male,28,96.52,2665.57,Two year,DSL,Bank transfer,No
CUST00836,Female,62,114.04,7017.48,Month-to-month,Fiber optic,Mailed check,No
CUST00837,Male,7,21.58,200.98,Month-to-month,DSL,Bank transfer,No
CUST00838,Male,16,72.28,1122.54,Month-to-month,No,Electronic check,No
CUST00839,Female,4,67.09,327.6,One year,Fiber optic,Electronic check,No
CUST00840,Male,4,85.61,280.3,One year,Fiber optic,Electronic check,Yes
CUST00841,Male,40,75.96,3088.15,One year,Fiber optic,Credit card,No
CUST00842,Female,17,88.7,1578.28,Month-to-month,Fiber optic,Mailed check,Yes
CUST00843,Male,52,85.81,4495.27,Month-to-month,Fiber optic,Electronic check,No
CUST00844,Male,52,31.7,1740.1,Month-to-month,Fiber optic,Electronic check,No
CUST00845,Male,36,99.97,3550.77,One year,Fiber optic,Electronic check,No
CUST00846,Male,38,32.32,1297.42,Two year,Fiber optic,Mailed check,No
CUST00847,Female,50,89.85,4515.83,Two year,Fiber optic,Electronic check,No
CUST00848,Female,63,61.61,3800.46,Month-to-month,DSL,Mailed check,No
CUST00849,Male,63,71.39,4306.87,One year,Fiber optic,Mailed check,No
CUST00850,Female,62,110.33,6671.14,Two year,Fiber optic,Bank transfer,No
CUST00851,Male,7,108.99,542.09,Month-to-month,Fiber optic,Bank transfer,Yes
CUST00852,Female,27,101.79,2790.94,Month-to-month,No,Mailed check,Yes
CUST00853,Male,14,71.01,961.66,Two year,DSL,Electronic check,No
CUST00854,Male,71,93.62,6655.74,Month-to-month,No,Bank transfer,No
CUST00855,Male,5,71.29,338.41,Two year,No,Bank transfer,No
CUST00856,Male,55,106.96,5940.97,Two year,No,Electronic check,No
CUST00857,Male,2,60.28,181.65,One year,Fiber optic,Credit card,Yes
CUST00858,Male,62,117.02,7259.53,Two year,Fiber optic,Electronic check,No
CUST00859,Female,21,113.23,2388.17,One year,DSL,Electronic check,No
CUST00860,Male,21,94.16,1991.7,One year,Fiber optic,Electronic check,No
CUST00861,Female,10,47.94,618.58,Month-to-month,DSL,Credit card,No
CUST00862,Male,58,33.17,1723.4,Month-to-month,DSL,Mailed check,No
CUST00863,Female,39,105.47,4046.28,Month-to-month,Fiber optic,Bank transfer,No
CUST00864,Female,5,36.53,269.18,One year,DSL,Electronic check,No
CUST00865,Female,65,105.43,6963.74,Month-to-month,No,Mailed check,Yes
CUST00866,Male,13,69.08,940.76,Month-to-month,Fiber optic,Mailed check,Yes
CUST00867,Male,53,60.66,3196.57,Month-to-month,Fiber optic,Credit card,No
CUST00868,Female,45,110.32,5150.56,One year,Fiber optic,Electronic check,No
CUST00869,Male,32,80.39,2590.26,Two year,No,Electronic check,No
CUST00870,Female,36,77.66,2798.84,Two year,Fiber optic,Electronic check,No
CUST00871,Male,60,75.88,4685.98,Month-to-month,Fiber optic,Credit card,No
CUST00872,Female,11,57.12,675.88,Two year,DSL,Mailed check,No
CUST00873,Female,63,98.56,6303.26,One year,No,Mailed check,No
CUST00874,Male,21,45.28,1056.58,Month-to-month,Fiber optic,Mailed check,Yes
CUST00875,Female,52,113.89,5885.03,One year,Fiber optic,Credit card,No
CUST00876,Male,55,109.4,6193.77,Month-to-month,DSL,Credit card,No
CUST00877,Female,26,53.75,1151.29,Two year,Fiber optic,Bank transfer,No
CUST00878,Female,68,92.95,6122.63,Month-to-month,DSL,Electronic check,No
CUST00879,Male,34,77.32,2560.86,Month-to-month,No,Electronic check,No
CUST00880,Male,52,53.76,2753.18,One year,No,Credit card,No
CUST00881,Male,52,118.85,6216.46,Month-to-month,DSL,Mailed check,No
CUST00882,Female,29,22.52,584.14,Month-to-month,Fiber optic,Electronic check,Yes
CUST00883,Male,38,45.26,1718.69,One year,DSL,Mailed check,No
CUST00884,Female,42,72.01,3003.91,Month-to-month,Fiber optic,Credit card,No
CUST00885,Female,21,72.2,1716.65,One year,DSL,Mailed check,No
CUST00886,Male,42,78.89,3232.88,Month-to-month,Fiber optic,Bank transfer,No
CUST00887,Male,13,95.17,1068.91,One year,Fiber optic,Credit card,No
CUST00888,Female,64,82.35,5382.3,One year,DSL,Mailed check,No
CUST00889,Female,17,80.03,1289.11,Month-to-month,Fiber optic,Electronic check,Yes
CUST00890,Male,9,25.35,218.98,One year,DSL,Credit card,No
CUST00891,Male,41,57.65,2299.03,One year,Fiber optic,Credit card,No
CUST00892,Male,1,43.21,116.93,One year,DSL,Credit card,No
CUST00893,Male,2,46.54,46.54,One year,Fiber optic,Bank transfer,No
CUST00894,Male,60,75.43,4245.88,Two year,No,Electronic check,No
CUST00895,Female,48,39.95,2047.17,Month-to-month,Fiber optic,Credit card,Yes
CUST00896,Female,29,49.39,1457.06,Month-to-month,No,Electronic check,No
CUST00897,Female,10,43.71,544.36,Two year,No,Credit card,No
CUST00898,Female,58,114.85,6787.52,Month-to-month,DSL,Credit card,Yes
CUST00899,Male,60,114.47,6776.55,Month-to-month,DSL,Bank transfer,No
CUST00900,Male,21,80.99,1706.86,Month-to-month,Fiber optic,Credit card,Yes
CUST00901,Male,28,112.45,3199.14,Month-to-month,No,Bank transfer,No
CUST00902,Female,34,98.58,3340.89,Month-to-month,No,Electronic check,Yes
CUST00903,Female,8,78.99,600.7,Two year,DSL,Bank transfer,No
CUST00904,Male,59,20.64,1196.39,Month-to-month,Fiber optic,Electronic check,No
CUST00905,Male,72,97.25,7110.35,Month-to-month,DSL,Mailed check,No
CUST00906,Female,49,90.25,4396.35,Two year,Fiber optic,Electronic check,No
CUST00907,Female,17,81.53,1446.03,Two year,Fiber optic,Mailed check,No
CUST00908,Male,60,96.04,5797.09,Month-to-month,DSL,Credit card,No
CUST00909,Male,45,71.29,3111.63,Month-to-month,Fiber optic,Credit card,Yes
CUST00910,Female,69,90.41,6268.49,Two year,Fiber optic,Electronic check,No
CUST00911,Male,32,113.52,3478.77,One year,Fiber optic,Mailed check,No
CUST00912,Male,44,57.58,2573.66,One year,DSL,Mailed check,No
CUST00913,Male,65,90.81,5991.76,Two year,No,Credit card,No
CUST00914,Female,8,67.57,652.7,One year,Fiber optic,Mailed check,No
CUST00915,Female,72,87.44,6200.41,Month-to-month,Fiber optic,Bank transfer,Yes
CUST00916,Female,43,96.29,4086.85,One year,Fiber optic,Credit card,Yes
CUST00917,Female,1,24.55,52.96,Month-to-month,DSL,Mailed check,Yes
CUST00918,Female,51,84.66,4270.07,One year,DSL,Credit card,No
CUST00919,Female,24,42.67,831.19,One year,Fiber optic,Credit card,No
CUST00920,Female,24,87.0,2033.83,Month-to-month,DSL,Credit card,Yes
CUST00921,Male,17,66.83,1164.13,Month-to-month,Fiber optic,Electronic check,No
CUST00922,Male,5,97.36,593.55,Month-to-month,Fiber optic,Mailed check,No
CUST00923,Male,20,32.34,815.72,Month-to-month,Fiber optic,Credit card,No
CUST00924,Male,21,82.63,1747.72,One year,DSL,Mailed check,No
CUST00925,Male,58,47.85,2831.95,Month-to-month,DSL,Bank transfer,No
CUST00926,Male,31,105.3,3360.38,One year,Fiber optic,Electronic check,No
CUST00927,Male,11,112.84,1036.18,Month-to-month,DSL,Electronic check,Yes
CUST00928,Female,52,119.64,6119.36,One year,Fiber optic,Mailed check,No
CUST00929,Female,15,99.6,1504.26,Two year,Fiber optic,Bank transfer,Yes
CUST00930,Male,7,95.37,823.18,One year,Fiber optic,Mailed check,No
CUST00931,Male,28,41.55,1226.38,Month-to-month,Fiber optic,Bank transfer,Yes
CUST00932,Female,51,53.6,2766.57,Two year,DSL,Mailed check,No
CUST00933,Male,58,66.57,3838.25,Month-to-month,DSL,Bank transfer,No
CUST00934,Male,5,97.34,529.38,Month-to-month,No,Bank transfer,Yes
CUST00935,Female,5,111.5,497.86,Month-to-month,No,Mailed check,Yes
CUST00936,Male,8,38.91,233.3,Month-to-month,Fiber optic,Mailed check,Yes
CUST00937,Female,64,112.24,7114.07,Two year,No,Electronic check,No
CUST00938,Male,10,89.56,1029.65,Month-to-month,Fiber optic,Mailed check,Yes
CUST00939,Female,38,81.08,2997.01,One year,DSL,Bank transfer,No
CUST00940,Female,8,39.98,279.96,One year,DSL,Mailed check,No
CUST00941,Female,25,25.55,685.85,Month-to-month,No,Electronic check,No
CUST00942,Male,66,76.85,4984.08,One year,DSL,Bank transfer,No
CUST00943,Female,50,85.15,4280.12,Month-to-month,Fiber optic,Electronic check,Yes
CUST00944,Male,67,41.08,2774.94,Month-to-month,Fiber optic,Credit card,Yes
CUST00945,Male,49,75.65,3644.4,Month-to-month,Fiber optic,Electronic check,No
CUST00946,Male,36,105.65,3777.52,Two year,Fiber optic,Credit card,No
CUST00947,Male,68,103.51,6944.32,Two year,DSL,Mailed check,No
CUST00948,Female,41,112.74,4760.62,Month-to-month,DSL,Mailed check,No
CUST00949,Female,62,56.59,3534.34,Month-to-month,Fiber optic,Electronic check,Yes
CUST00950,Male,10,51.8,413.14,One year,Fiber optic,Electronic check,Yes
CUST00951,Male,21,94.94,2006.37,Month-to-month,Fiber optic,Electronic check,Yes
CUST00952,Female,36,63.11,2289.12,Two year,Fiber optic,Electronic check,No
CUST00953,Male,12,28.75,120.68,One year,DSL,Bank transfer,No
CUST00954,Female,2,48.28,230.6,Month-to-month,No,Electronic check,Yes
CUST00955,Male,13,61.86,705.22,Two year,Fiber optic,Bank transfer,No
CUST00956,Male,53,49.25,2819.27,Month-to-month,DSL,Electronic check,Yes
CUST00957,Female,32,53.22,1782.57,Two year,Fiber optic,Credit card,No
CUST00958,Male,16,49.38,677.4,Two year,Fiber optic,Mailed check,No
CUST00959,Female,32,24.15,741.37,Month-to-month,No,Electronic check,Yes
CUST00960,Male,32,83.71,2770.98,Month-to-month,DSL,Mailed check,Yes
CUST00961,Male,11,79.73,853.25,Two year,Fiber optic,Electronic check,No
CUST00962,Male,10,85.34,971.22,Two year,DSL,Electronic check,No
CUST00963,Female,15,39.23,550.84,Month-to-month,DSL,Mailed check,No
CUST00964,Male,17,49.57,834.82,Two year,Fiber optic,Bank transfer,No
CUST00965,Male,40,81.96,3373.42,Month-to-month,Fiber optic,Credit card,Yes
CUST00966,Male,18,79.96,1499.62,Month-to-month,Fiber optic,Mailed check,Yes
CUST00967,Male,55,70.63,3792.13,Two year,DSL,Credit card,No
CUST00968,Female,25,55.04,1419.41,Month-to-month,DSL,Credit card,No
CUST00969,Female,59,111.29,6582.85,Two year,Fiber optic,Credit card,No
CUST00970,Male,22,53.98,1096.39,Month-to-month,DSL,Mailed check,No
CUST00971,Female,30,65.56,1827.75,One year,DSL,Electronic check,No
CUST00972,Male,44,87.81,3670.5,Month-to-month,DSL,Electronic check,Yes
CUST00973,Male,32,74.3,2348.16,Month-to-month,Fiber optic,Bank transfer,Yes
CUST00974,Male,51,54.69,2783.79,One year,DSL,Mailed check,No
CUST00975,Female,46,63.56,2974.22,Month-to-month,Fiber optic,Electronic check,Yes
CUST00976,Female,21,99.45,2170.5,Month-to-month,DSL,Mailed check,No
CUST00977,Female,32,47.81,1488.53,Month-to-month,DSL,Electronic check,No
CUST00978,Female,39,34.23,1326.66,Month-to-month,Fiber optic,Bank transfer,No
CUST00979,Female,12,51.32,539.97,Two year,DSL,Electronic check,No
CUST00980,Female,47,104.95,4941.37,Month-to-month,Fiber optic,Bank transfer,Yes
CUST00981,Female,18,28.9,617.05,One year,DSL,Bank transfer,No
CUST00982,Female,21,119.17,2512.68,Month-to-month,Fiber optic,Electronic check,Yes
CUST00983,Female,13,74.1,1079.63,Month-to-month,DSL,Mailed check,No
CUST00984,Male,21,118.48,2583.26,Month-to-month,DSL,Bank transfer,No
CUST00985,Female,8,113.9,1056.97,Month-to-month,Fiber optic,Electronic check,Yes
CUST00986,Female,46,65.28,3015.8,Month-to-month,No,Electronic check,No
CUST00987,Female,7,39.85,225.71,One year,DSL,Electronic check,No
CUST00988,Female,23,36.49,901.39,Two year,Fiber optic,Bank transfer,No
CUST00989,Female,22,44.0,930.71,Month-to-month,Fiber optic,Bank transfer,Yes
CUST00990,Female,22,91.01,2061.21,Month-to-month,Fiber optic,Electronic check,Yes
CUST00991,Female,29,47.29,1305.13,Month-to-month,Fiber optic,Mailed check,Yes
CUST00992,Female,13,54.14,620.98,Month-to-month,,Electronic check,No
CUST00993,Female,2,64.88,251.4,Month-to-month,No,Credit card,Yes
CUST00994,Female,29,111.32,3127.02,Month-to-month,Fiber optic,Electronic check,Yes
CUST00995,Female,52,38.94,2127.1,Month-to-month,DSL,Credit card,No
CUST00996,Male,27,20.5,612.1,Month-to-month,No,Mailed check,No
CUST00997,Male,50,26.01,1309.93,Month-to-month,Fiber optic,Bank transfer,No
CUST00998,Female,23,110.48,2351.78,Month-to-month,Fiber optic,Mailed check,Yes
CUST00999,Female,44,84.75,3877.57,Month-to-month,Fiber optic,Bank transfer,Yes
CUST01000,Male,22,47.3,947.12,Month-to-month,Fiber optic,Mailed check,Yes
CUST01001,Female,43,37.72,1717.28,Month-to-month,DSL,Bank transfer,No
CUST01002,Male,37,49.43,1759.82,Month-to-month,Fiber optic,Mailed check,Yes
CUST01003,Male,61,31.48,1843.16,Month-to-month,DSL,Mailed check,No
CUST01004,Male,56,114.15,6459.26,Month-to-month,Fiber optic,Mailed check,Yes
CUST01005,Male,3,98.42,349.11,Month-to-month,No,Credit card,No
CUST01006,Male,63,66.24,4058.61,Month-to-month,Fiber optic,Bank transfer,No
CUST01007,Female,19,106.5,2167.18,Month-to-month,Fiber optic,Electronic check,No
CUST01008,Male,23,44.95,1013.25,Month-to-month,DSL,Bank transfer,Yes
CUST01009,Female,29,91.71,2666.48,One year,DSL,Bank transfer,No
CUST01010,Female,30,105.61,3138.59,Month-to-month,No,Credit card,Yes
CUST01011,Male,39,55.68,2061.24,Month-to-month,DSL,Credit card,Yes
CUST01012,Male,25,95.75,2467.27,Two year,Fiber optic,Bank transfer,No
CUST01013,Female,8,49.51,425.04,Month-to-month,Fiber optic,Electronic check,No
CUST01014,Male,58,49.89,2813.11,Month-to-month,No,Bank transfer,Yes
CUST01015,Male,16,30.71,585.77,Two year,Fiber optic,Bank transfer,No
CUST01016,Female,72,64.01,4614.2,Two year,Fiber optic,Credit card,No
CUST01017,Female,1,92.97,100.61,Month-to-month,Fiber optic,Electronic check,Yes
CUST01018,Male,5,114.02,747.75,Month-to-month,No,Electronic check,Yes
CUST01019,Female,3,80.38,80.38,Month-to-month,Fiber optic,Electronic check,Yes
CUST01020,Male,65,106.31,6748.03,Month-to-month,Fiber optic,Bank transfer,Yes
CUST01021,Male,4,102.25,269.4,One year,DSL,Credit card,No
CUST01022,Male,64,37.33,2425.48,Month-to-month,DSL,Electronic check,No
CUST01023,Female,10,68.58,649.9,Month-to-month,Fiber optic,Bank transfer,No
CUST01024,Female,21,31.69,637.54,Two year,No,Bank transfer,No
CUST01025,Female,46,88.22,3963.88,Two year,No,Bank transfer,No
CUST01026,Female,27,114.99,3271.26,Month-to-month,No,Mailed check,No
CUST01027,Female,66,33.71,2424.96,One year,Fiber optic,Credit card,No
CUST01028,Male,41,93.39,3918.88,Month-to-month,Fiber optic,Electronic check,Yes
CUST01029,Male,13,83.22,931.13,Two year,Fiber optic,Bank transfer,No
CUST01030,Male,9,78.36,656.55,Month-to-month,Fiber optic,Electronic check,Yes
CUST01031,Male,36,59.01,2207.11,Month-to-month,DSL,Mailed check,No
CUST01032,Female,58,55.51,3215.0,Month-to-month,Fiber optic,Credit card,Yes
CUST01033,Male,54,24.52,1414.3,Month-to-month,No,Electronic check,Yes
CUST01034,Female,12,41.79,626.26,Month-to-month,DSL,Electronic check,Yes
CUST01035,Male,14,21.52,492.0,One year,No,Bank transfer,No
CUST01036,Female,34,78.14,2591.27,One year,DSL,Mailed check,No
CUST01037,Female,53,30.59,1629.4,Month-to-month,Fiber optic,Mailed check,No
CUST01038,Male,20,107.3,2101.92,Month-to-month,Fiber optic,Electronic check,No
CUST01039,Male,16,72.31,956.88,Month-to-month,Fiber optic,Electronic check,Yes
CUST01040,Male,70,89.97,6368.06,Two year,Fiber optic,Mailed check,No
CUST01041,Male,56,61.09,3477.38,Two year,No,Electronic check,No
CUST01042,Female,58,76.06,4356.8,Two year,Fiber optic,Credit card,No
CUST01043,Male,4,114.27,297.27,Two year,DSL,Electronic check,Yes
CUST01044,Male,4,28.27,74.67,Month-to-month,Fiber optic,Mailed check,Yes
CUST01045,Female,20,45.39,980.91,Month-to-month,DSL,Electronic check,No
CUST01046,Male,10,98.0,1113.73,One year,DSL,Electronic check,No
CUST01047,Male,24,29.87,645.62,Two year,Fiber optic,Bank transfer,No
CUST01048,Male,26,27.57,827.59,Month-to-month,No,Bank transfer,No
CUST01049,Male,37,56.15,2139.8,Month-to-month,Fiber optic,Electronic check,No
CUST01050,Male,54,29.22,1619.2,Two year,Fiber optic,Electronic check,No
CUST01051,Female,21,78.51,1519.35,Month-to-month,Fiber optic,Electronic check,Yes
CUST01052,Male,38,42.63,1494.93,Month-to-month,DSL,Bank transfer,No
CUST01053,Male,46,109.57,4957.14,One year,No,Bank transfer,No
CUST01054,Male,4,98.35,360.76,Month-to-month,Fiber optic,Electronic check,No
CUST01055,Male,60,89.97,5578.27,Month-to-month,No,Mailed check,No
CUST01056,Male,57,81.69,4590.11,One year,DSL,Bank transfer,No
CUST01057,Female,45,106.35,4862.88,One year,DSL,Credit card,No
CUST01058,Male,20,42.31,799.72,Two year,No,Credit card,No
CUST01059,Female,17,107.31,1871.54,Month-to-month,Fiber optic,Electronic check,Yes
CUST01060,Female,71,98.95,7019.15,Month-to-month,DSL,Electronic check,No
CUST01061,Male,4,94.82,396.98,One year,DSL,Electronic check,No
CUST01062,Male,14,76.13,1102.78,Month-to-month,Fiber optic,Bank transfer,No
CUST01063,Male,3,44.62,108.91,Month-to-month,Fiber optic,Credit card,Yes
CUST01064,Male,58,62.35,3653.75,One year,Fiber optic,Mailed check,No
CUST01065,Female,55,99.36,5588.19,Month-to-month,DSL,Electronic check,No
CUST01066,Male,4,23.18,23.18,Month-to-month,Fiber optic,Mailed check,Yes
CUST01067,Male,24,98.21,2475.63,Month-to-month,No,Electronic check,Yes
CUST01068,Male,34,44.01,1469.82,Month-to-month,DSL,Electronic check,No
CUST01069,Male,30,34.43,995.8,Month-to-month,Fiber optic,Bank transfer,No
CUST01070,Male,19,31.57,669.79,Month-to-month,Fiber optic,Electronic check,Yes
CUST01071,Male,31,22.73,670.51,One year,DSL,Electronic check,No
CUST01072,Female,60,72.36,4373.52,Two year,Fiber optic,Bank transfer,No
CUST01073,Female,60,41.83,2532.37,Month-to-month,Fiber optic,Electronic check,Yes
CUST01074,Male,19,118.94,2051.51,Month-to-month,Fiber optic,Electronic check,Yes
CUST01075,Male,49,77.44,3836.32,Month-to-month,Fiber optic,Electronic check,No
CUST01076,Male,63,33.79,1984.66,Month-to-month,Fiber optic,Credit card,Yes
CUST01077,Female,22,88.88,1818.87,One year,Fiber optic,Bank transfer,No
CUST01078,Male,24,109.77,2671.13,One year,Fiber optic,Electronic check,No
CUST01079,Female,30,94.52,2889.26,One year,Fiber optic,Mailed check,No
CUST01080,Male,58,27.64,1723.62,Month-to-month,DSL,Electronic check,No
CUST01081,Male,31,109.59,3288.35,Month-to-month,Fiber optic,Bank transfer,Yes
CUST01082,Male,64,99.39,6286.83,Month-to-month,No,Bank transfer,No
CUST01083,Male,19,35.83,727.21,Month-to-month,Fiber optic,Credit card,No
CUST01084,Female,48,25.18,1331.07,One year,Fiber optic,Mailed check,Yes
CUST01085,Female,45,75.73,3427.07,Two year,Fiber optic,Credit card,No
CUST01086,Male,55,35.6,1870.2,Month-to-month,No,Credit card,Yes
CUST01087,Male,55,103.46,5840.94,One year,No,Credit card,No
CUST01088,Female,18,55.83,978.7,Month-to-month,DSL,Bank transfer,Yes
CUST01089,Female,63,111.29,6988.15,Month-to-month,Fiber optic,Mailed check,Yes
CUST01090,Female,47,76.57,3455.21,One year,Fiber optic,Mailed check,No
CUST01091,Female,57,38.27,2253.8,Month-to-month,Fiber optic,Electronic check,No
CUST01092,Male,45,33.96,1613.46,Month-to-month,DSL,Electronic check,Yes
CUST01093,Female,33,77.65,2491.87,One year,Fiber optic,Bank transfer,No
CUST01094,Male,17,96.19,1810.35,Two year,DSL,Bank transfer,No
CUST01095,Female,70,98.15,6811.79,Month-to-month,Fiber optic,Credit card,No
CUST01096,Female,4,47.58,252.85,Month-to-month,Fiber optic,Electronic check,Yes
CUST01097,Female,20,40.42,830.76,Two year,DSL,Electronic check,No
CUST01098,Female,47,21.68,816.4,Two year,No,Bank transfer,No
CUST01099,Female,15,87.92,1373.19,One year,Fiber optic,Mailed check,No
CUST01100,Male,70,27.66,1981.61,Month-to-month,Fiber optic,Electronic check,No
CUST01101,Male,47,62.08,2741.12,Two year,Fiber optic,Credit card,No
CUST01102,Female,9,80.17,874.06,Month-to-month,DSL,Bank transfer,Yes
CUST01103,Female,16,113.71,1865.18,One year,Fiber optic,Mailed check,No
CUST01104,Male,69,51.18,3655.36,Month-to-month,DSL,Credit card,No
CUST01105,Female,61,44.98,2572.17,One year,Fiber optic,Bank transfer,No
CUST01106,Female,10,85.42,813.16,Month-to-month,Fiber optic,Bank transfer,Yes
CUST01107,Male,50,81.92,4214.06,Month-to-month,DSL,Credit card,No
CUST01108,Female,3,53.21,53.21,Month-to-month,No,Electronic check,Yes
CUST01109,Female,70,112.81,7858.59,Month-to-month,DSL,Bank transfer,No
CUST01110,Male,51,104.49,5369.64,One year,No,Electronic check,No
CUST01111,Male,19,42.4,616.14,Two year,DSL,Electronic check,No
CUST01112,Male,42,43.91,1712.08,Two year,Fiber optic,Credit card,No
CUST01113,Female,35,71.23,2631.26,Month-to-month,DSL,Mailed check,No
CUST01114,Male,46,97.36,4484.54,One year,Fiber optic,Bank transfer,No
CUST01115,Male,26,24.4,752.07,One year,Fiber optic,Credit card,No
CUST01116,Male,69,89.33,6181.98,Month-to-month,DSL,Credit card,No
CUST01117,Male,64,84.82,5674.07,Month-to-month,Fiber optic,Credit card,Yes
CUST01118,Male,37,43.15,1640.42,One year,Fiber optic,Mailed check,No
CUST01119,Male,49,88.14,4445.84,Two year,Fiber optic,Electronic check,No
CUST01120,Female,21,114.02,2369.81,One year,No,Electronic check,No
CUST01121,Female,64,24.68,1600.59,Month-to-month,Fiber optic,Mailed check,No
CUST01122,Male,5,51.97,324.04,Month-to-month,DSL,Mailed check,No
CUST01123,Male,70,63.82,4548.18,Month-to-month,DSL,Bank transfer,No
CUST01124,Male,4,109.93,435.82,One year,Fiber optic,Bank transfer,No
CUST01125,Female,39,116.23,4533.24,One year,Fiber optic,Credit card,No
CUST01126,Female,35,64.41,2304.54,Month-to-month,Fiber optic,Bank transfer,No
CUST01127,Female,1,95.0,145.13,Two year,DSL,Bank transfer,No
CUST01128,Female,24,73.17,1653.57,Month-to-month,Fiber optic,Electronic check,Yes
CUST01129,Female,57,73.78,4227.96,Two year,No,Electronic check,No
CUST01130,Female,70,47.81,3378.78,Month-to-month,DSL,Electronic check,No
CUST01131,Female,41,41.7,1612.07,Month-to-month,Fiber optic,Bank transfer,No
CUST01132,Female,54,48.8,2725.79,Month-to-month,Fiber optic,Electronic check,Yes
CUST01133,Female,46,75.63,3520.25,Month-to-month,Fiber optic,Bank transfer,No
CUST01134,Male,60,22.92,1608.26,Month-to-month,DSL,Bank transfer,No
CUST01135,Male,60,110.72,6640.6,One year,Fiber optic,Electronic check,No
CUST01136,Male,57,35.63,2144.52,One year,No,Electronic check,No
CUST01137,Male,31,42.01,1356.22,One year,DSL,Mailed check,No
CUST01138,Female,24,71.83,1916.06,Month-to-month,Fiber optic,Mailed check,Yes
CUST01139,Female,36,91.01,3179.36,Month-to-month,DSL,Bank transfer,No
CUST01140,Male,30,29.57,837.57,Month-to-month,Fiber optic,Bank transfer,Yes
CUST01141,Female,24,51.77,1148.91,One year,Fiber optic,Bank transfer,No
CUST01142,Male,30,116.87,3498.31,Month-to-month,Fiber optic,Credit card,Yes
CUST01143,Female,7,46.23,211.14,Two year,DSL,Bank transfer,No
CUST01144,Male,35,51.31,1643.24,One year,Fiber optic,Credit card,No
CUST01145,Female,55,103.65,5487.41,Month-to-month,Fiber optic,Electronic check,Yes
CUST01146,Female,14,25.02,130.53,Month-to-month,Fiber optic,Bank transfer,Yes
CUST01147,Male,10,66.46,730.24,Month-to-month,Fiber optic,Mailed check,Yes
CUST01148,Female,16,57.96,881.82,Month-to-month,Fiber optic,Electronic check,Yes
CUST01149,Male,54,51.66,2666.26,Two year,No,Electronic check,No
CUST01150,Male,70,48.57,3333.99,Two year,Fiber optic,Bank transfer,No
CUST01151,Male,44,29.14,1229.37,Month-to-month,Fiber optic,Electronic check,Yes
CUST01152,Male,45,51.48,2220.14,One year,Fiber optic,Electronic check,No
CUST01153,Female,56,24.31,1521.92,One year,DSL,Credit card,No
CUST01154,Female,57,98.1,5733.38,One year,DSL,Credit card,No
CUST01155,Female,21,59.82,1415.07,Month-to-month,Fiber optic,Bank transfer,Yes
CUST01156,Male,68,64.39,4396.44,Month-to-month,Fiber optic,Bank transfer,No
CUST01157,Female,50,109.36,5496.05,Month-to-month,No,Credit card,No
CUST01158,Male,33,85.81,2766.47,Two year,No,Bank transfer,No
CUST01159,Female,7,20.81,60.96,Month-to-month,Fiber optic,Electronic check,Yes
CUST01160,Female,70,114.32,8004.57,Month-to-month,Fiber optic,Credit card,Yes
CUST01161,Female,15,43.71,720.89,Two year,Fiber optic,Bank transfer,No
CUST01162,Male,32,30.76,1103.9,One year,DSL,Mailed check,No
CUST01163,Female,20,96.81,1881.6,Two year,Fiber optic,Mailed check,No
CUST01164,Female,15,70.05,925.48,Month-to-month,Fiber optic,Mailed check,No
CUST01165,Male,48,63.38,3115.64,Month-to-month,Fiber optic,Credit card,Yes
CUST01166,Female,71,44.95,3009.64,Two year,DSL,Electronic check,No
CUST01167,Male,21,74.75,1565.83,Month-to-month,DSL,Credit card,Yes
CUST01168,Female,42,47.44,2001.41,Month-to-month,DSL,Credit card,No
CUST01169,Male,26,110.16,2826.28,Month-to-month,Fiber optic,Bank transfer,No
CUST01170,Male,14,41.52,426.76,Month-to-month,DSL,Bank transfer,No
CUST01171,Female,57,108.44,6144.52,Month-to-month,Fiber optic,Mailed check,Yes
CUST01172,Male,37,75.94,2974.03,Two year,Fiber optic,Electronic check,No
CUST01173,Male,58,102.85,6024.47,Two year,Fiber optic,Electronic check,No
CUST01174,Male,21,91.28,2033.05,Two year,Fiber optic,Bank transfer,No
CUST01175,Male,69,89.67,6065.51,Month-to-month,Fiber optic,Mailed check,No
CUST01176,Male,3,52.43,182.86,Month-to-month,Fiber optic,Electronic check,Yes
CUST01177,Male,37,43.39,1614.26,Month-to-month,Fiber optic,Electronic check,Yes
CUST01178,Female,49,41.09,2024.18,Two year,Fiber optic,Credit card,No
CUST01179,Male,19,105.72,2064.26,Month-to-month,Fiber optic,Mailed check,No
CUST01180,Male,12,102.04,1239.21,One year,Fiber optic,Credit card,No
CUST01181,Female,61,64.06,3788.71,One year,DSL,Electronic check,No
CUST01182,Female,41,33.24,1424.17,Month-to-month,Fiber optic,Mailed check,Yes
CUST01183,Female,33,58.23,2005.68,Month-to-month,No,Electronic check,No
CUST01184,Female,50,81.93,4228.45,Two year,DSL,Mailed check,No
CUST01185,Female,68,65.44,4586.29,Two year,DSL,Bank transfer,No
CUST01186,Female,71,98.02,7007.06,Month-to-month,DSL,Electronic check,No
CUST01187,Female,33,119.76,3837.8,Month-to-month,Fiber optic,Bank transfer,Yes
CUST01188,Male,24,39.11,785.7,Two year,DSL,Bank transfer,No
CUST01189,Male,61,65.97,4001.46,Month-to-month,Fiber optic,Bank transfer,No
CUST01190,Female,61,63.1,3941.05,Month-to-month,DSL,Bank transfer,No
CUST01191,Male,28,50.45,1498.1,Month-to-month,DSL,Electronic check,No
CUST01192,Male,58,39.81,2336.38,Month-to-month,Fiber optic,Bank transfer,No
CUST01193,Male,43,26.57,1138.85,Month-to-month,DSL,Credit card,No
CUST01194,Female,41,108.71,4647.48,Month-to-month,No,Credit card,No
CUST01195,Female,39,61.98,2474.62,Month-to-month,DSL,Credit card,No
CUST01196,Male,49,69.69,3406.08,Month-to-month,Fiber optic,Mailed check,No
CUST01197,Female,17,111.69,1834.19,Two year,DSL,Bank transfer,No
CUST01198,Male,70,97.63,6733.24,Two year,Fiber optic,Bank transfer,No
CUST01199,Male,70,33.05,2202.79,Two year,No,Electronic check,No
CUST01200,Male,65,76.54,4874.25,One year,No,Credit card,No
CUST01201,Male,5,64.23,349.25,Month-to-month,DSL,Bank transfer,No
CUST01202,Female,2,99.72,197.63,Month-to-month,Fiber optic,Electronic check,Yes
CUST01203,Female,22,92.42,2000.65,Two year,Fiber optic,Electronic check,No
CUST01204,Female,57,89.04,5148.93,Month-to-month,DSL,Credit card,No
CUST01205,Male,66,54.05,3748.22,Month-to-month,DSL,Electronic check,No
CUST01206,Female,16,100.5,1525.67,One year,No,Electronic check,No
CUST01207,Male,51,25.24,,Month-to-month,No,Mailed check,No
CUST01208,Female,39,35.96,1180.73,Month-to-month,No,Electronic check,Yes
CUST01209,Male,40,53.56,2139.77,Two year,Fiber optic,Credit card,No
CUST01210,Male,38,27.68,1039.08,Two year,Fiber optic,Mailed check,No
CUST01211,Male,60,43.5,2699.28,Month-to-month,DSL,Bank transfer,No
CUST01212,Female,59,103.02,6069.5,Two year,DSL,Credit card,No
CUST01213,Female,10,114.83,1089.49,One year,DSL,Mailed check,No
CUST01214,Female,64,50.46,3248.71,One year,Fiber optic,Mailed check,No
CUST01215,Female,63,46.45,2982.06,Month-to-month,Fiber optic,Bank transfer,No
CUST01216,Male,49,47.99,2189.74,Month-to-month,Fiber optic,Mailed check,No
CUST01217,Female,64,47.77,3157.97,One year,No,Electronic check,No
CUST01218,Female,32,23.59,885.51,Two year,No,Bank transfer,No
CUST01219,Male,7,112.69,843.58,One year,No,Credit card,Yes
CUST01220,Male,21,41.37,775.31,Month-to-month,DSL,Bank transfer,Yes
CUST01221,Male,20,62.0,1207.4,Month-to-month,Fiber optic,Credit card,Yes
CUST01222,Female,26,20.97,663.51,Two year,Fiber optic,Bank transfer,No
CUST01223,Male,68,105.8,7096.58,Month-to-month,DSL,Bank transfer,No
CUST01224,Male,15,93.12,1459.66,Month-to-month,No,Credit card,Yes
CUST01225,Male,14,114.68,1600.44,Month-to-month,No,Electronic check,No
CUST01226,Female,27,98.16,2666.34,Month-to-month,DSL,Mailed check,No
CUST01227,Male,40,51.37,1971.22,One year,DSL,Bank transfer,No
CUST01228,Female,58,44.79,2630.89,One year,Fiber optic,Bank transfer,No
CUST01229,Female,28,89.77,2539.47,Month-to-month,Fiber optic,Electronic check,No
CUST01230,Male,26,56.41,1315.72,Month-to-month,No,Electronic check,Yes
CUST01231,Male,63,76.62,4826.62,Two year,DSL,Electronic check,No
CUST01232,Female,66,20.63,1422.97,Month-to-month,DSL,Bank transfer,No
CUST01233,Male,25,26.19,616.22,Month-to-month,DSL,Credit card,Yes
CUST01234,Male,3,73.54,73.54,Two year,DSL,Credit card,No
CUST01235,Female,72,76.61,5504.44,Month-to-month,DSL,Bank transfer,No
CUST01236,Female,44,95.15,4333.25,Two year,No,Credit card,No
CUST01237,Male,42,33.2,1359.95,Month-to-month,Fiber optic,Mailed check,No
CUST01238,Female,6,71.32,570.79,One year,Fiber optic,Mailed check,Yes
CUST01239,Male,39,39.44,1456.92,Month-to-month,DSL,Mailed check,No
CUST01240,Male,52,29.32,1408.54,Two year,DSL,Bank transfer,No
CUST01241,Male,23,61.05,1403.64,Month-to-month,Fiber optic,Electronic check,Yes
CUST01242,Female,50,36.33,1734.24,Month-to-month,Fiber optic,Bank transfer,No
CUST01243,Male,43,42.18,1846.73,Two year,Fiber optic,Bank transfer,Yes
CUST01244,Male,19,51.76,946.18,Month-to-month,Fiber optic,Mailed check,Yes
CUST01245,Male,69,45.94,3317.25,Month-to-month,DSL,Credit card,Yes
CUST01246,Female,51,28.76,1422.59,Month-to-month,Fiber optic,Bank transfer,No
CUST01247,Female,11,28.99,327.86,One year,DSL,Electronic check,No
CUST01248,Female,12,39.32,531.47,Month-to-month,Fiber optic,Mailed check,No
CUST01249,Female,8,25.06,296.11,Month-to-month,DSL,Bank transfer,Yes
CUST01250,Female,24,82.65,2131.56,One year,Fiber optic,Electronic check,No
CUST01251,Male,41,48.73,1974.44,Month-to-month,DSL,Electronic check,No
CUST01252,Female,36,47.97,1686.99,Two year,Fiber optic,Bank transfer,No
CUST01253,Female,72,53.2,3639.01,Two year,No,Credit card,No
CUST01254,Female,55,86.28,4949.57,One year,Fiber optic,Mailed check,No
CUST01255,Male,9,107.06,999.64,Two year,Fiber optic,Credit card,No
CUST01256,Female,47,95.91,4582.95,One year,No,Credit card,No
CUST01257,Female,15,92.75,1446.82,Month-to-month,Fiber optic,Electronic check,Yes
CUST01258,Male,48,68.44,3290.07,One year,DSL,Bank transfer,No
CUST01259,Female,42,89.38,3789.0,Month-to-month,DSL,Mailed check,No
CUST01260,Male,60,75.28,4460.83,Month-to-month,Fiber optic,Electronic check,Yes
CUST01261,Male,70,41.63,2883.89,Two year,Fiber optic,Bank transfer,No
CUST01262,Male,12,40.86,395.3,Month-to-month,DSL,Bank transfer,No
CUST01263,Male,2,49.64,255.0,Two year,DSL,Electronic check,Yes
CUST01264,Male,7,111.08,833.71,Month-to-month,No,Credit card,No
CUST01265,Female,3,74.74,421.84,One year,DSL,Bank transfer,No
CUST01266,Male,3,93.39,509.81,Month-to-month,Fiber optic,Credit card,Yes
CUST01267,Male,27,54.66,1335.4,One year,DSL,Electronic check,No
CUST01268,Female,40,60.77,2529.32,One year,Fiber optic,Credit card,No
CUST01269,Male,33,32.56,938.68,One year,DSL,Mailed check,No
CUST01270,Female,1,37.13,54.87,Month-to-month,Fiber optic,Electronic check,Yes
CUST01271,Female,8,102.74,853.39,Month-to-month,DSL,Bank transfer,Yes
CUST01272,Female,32,78.48,2382.64,Month-to-month,Fiber optic,Bank transfer,No
CUST01273,Male,48,53.75,2506.25,One year,Fiber optic,Bank transfer,No
CUST01274,Male,4,100.29,437.2,Two year,Fiber optic,Mailed check,Yes
CUST01275,Male,70,44.65,3143.13,Month-to-month,Fiber optic,Electronic check,Yes
CUST01276,Female,19,117.6,2132.56,One year,Fiber optic,Bank transfer,No
CUST01277,Male,32,54.48,1673.56,Two year,DSL,Mailed check,No
CUST01278,Male,9,53.73,334.43,Month-to-month,Fiber optic,Bank transfer,Yes
CUST01279,Male,12,51.19,493.99,One year,DSL,Mailed check,No
CUST01280,Female,11,32.21,317.17,Two year,Fiber optic,Credit card,No
CUST01281,Female,46,31.11,1529.81,Month-to-month,DSL,Bank transfer,Yes
CUST01282,Male,16,84.81,1468.38,Month-to-month,DSL,Bank transfer,Yes
CUST01283,Male,1,107.51,290.85,Month-to-month,DSL,Credit card,Yes
CUST01284,Male,63,99.05,6282.58,Two year,Fiber optic,Bank transfer,Yes
CUST01285,Male,21,34.11,735.14,Two year,Fiber optic,Electronic check,No
CUST01286,Female,30,74.56,2286.31,One year,Fiber optic,Electronic check,No
CUST01287,Female,13,30.56,445.84,Month-to-month,DSL,Bank transfer,No
CUST01288,Female,34,24.53,672.37,Month-to-month,DSL,Electronic check,No
CUST01289,Female,4,85.64,531.45,Month-to-month,Fiber optic,Bank transfer,Yes
CUST01290,Male,28,73.52,1865.47,Month-to-month,Fiber optic,Electronic check,Yes
CUST01291,Male,59,28.2,1778.68,One year,DSL,Electronic check,No
CUST01292,Male,27,23.49,639.87,Two year,Fiber optic,Mailed check,Yes
CUST01293,Female,69,118.98,8100.67,Two year,Fiber optic,Credit card,No
CUST01294,Male,25,23.0,628.14,One year,Fiber optic,Bank transfer,No
CUST01295,Female,3,64.45,181.54,Month-to-month,No,Credit card,Yes
CUST01296,Female,68,70.46,4723.03,Month-to-month,No,Credit card,No
CUST01297,Male,25,31.73,655.1,Month-to-month,Fiber optic,Electronic check,Yes
CUST01298,Male,20,36.91,591.65,One year,DSL,Electronic check,No
CUST01299,Male,34,55.18,1815.03,Two year,Fiber optic,Bank transfer,No
CUST01300,Female,26,96.17,2461.72,Month-to-month,Fiber optic,Credit card,Yes
CUST01301,Male,5,70.71,232.5,Month-to-month,DSL,Mailed check,Yes
CUST01302,Female,61,83.79,5115.04,Month-to-month,Fiber optic,Credit card,No
CUST01303,Male,9,118.52,959.87,Month-to-month,No,Electronic check,Yes
CUST01304,Female,50,96.8,4876.02,Month-to-month,No,Electronic check,Yes
CUST01305,Female,6,63.44,503.78,Month-to-month,DSL,Bank transfer,Yes
CUST01306,Male,60,64.64,3907.34,Month-to-month,Fiber optic,Mailed check,No
CUST01307,Female,44,81.88,3593.34,Two year,,Electronic check,No
CUST01308,Female,11,86.54,898.45,One year,DSL,Mailed check,No
CUST01309,Male,66,70.07,4769.23,Month-to-month,Fiber optic,Electronic check,No
CUST01310,Female,47,84.49,3951.68,Month-to-month,Fiber optic,Bank transfer,Yes
CUST01311,Male,3,22.35,316.07,Month-to-month,Fiber optic,Credit card,Yes
CUST01312,Female,30,62.96,1770.5,Month-to-month,DSL,Credit card,Yes
CUST01313,Male,21,47.89,1034.68,Month-to-month,Fiber optic,Bank transfer,No
CUST01314,Male,28,32.92,1063.03,Month-to-month,No,Mailed check,No
CUST01315,Female,62,29.95,1787.89,One year,Fiber optic,Mailed check,No
CUST01316,Female,33,80.32,2626.95,One year,Fiber optic,Electronic check,No
CUST01317,Female,35,72.36,2595.21,Month-to-month,Fiber optic,Electronic check,No
CUST01318,Female,52,45.36,2397.51,Two year,DSL,Electronic check,No
CUST01319,Female,34,67.1,2337.37,Month-to-month,Fiber optic,Credit card,Yes
CUST01320,Male,41,69.22,2954.05,Month-to-month,DSL,Credit card,Yes
CUST01321,Female,51,39.5,1979.82,One year,No,Mailed check,No
CUST01322,Male,47,85.21,4148.57,One year,DSL,Bank transfer,Yes
CUST01323,Male,58,98.09,5517.22,Two year,Fiber optic,Electronic check,No
CUST01324,Female,57,99.15,5759.29,One year,Fiber optic,Bank transfer,No
CUST01325,Male,23,80.25,1960.47,Two year,No,Bank transfer,No
CUST01326,Male,48,71.16,3338.23,Two year,DSL,Mailed check,No
CUST01327,Male,22,26.1,429.14,One year,DSL,Electronic check,No
CUST01328,Male,17,48.78,806.04,Month-to-month,DSL,Credit card,Yes
CUST01329,Female,69,29.33,2064.15,One year,Fiber optic,Bank transfer,No
CUST01330,Male,11,116.38,1246.67,Two year,DSL,Credit card,Yes
CUST01331,Female,15,33.51,552.84,One year,DSL,Credit card,No
CUST01332,Female,35,35.18,1425.07,Month-to-month,DSL,Credit card,Yes
CUST01333,Male,33,108.96,3459.21,One year,Fiber optic,Electronic check,Yes
CUST01334,Female,16,114.39,1634.83,Month-to-month,DSL,Electronic check,Yes
CUST01335,Female,34,96.58,3276.79,Month-to-month,DSL,Electronic check,Yes
CUST01336,Female,66,20.54,1287.62,Month-to-month,DSL,Electronic check,No
CUST01337,Male,40,20.13,757.17,One year,Fiber optic,Mailed check,No
CUST01338,Female,28,57.81,1745.37,Two year,Fiber optic,Bank transfer,No
CUST01339,Female,47,34.34,1601.92,Month-to-month,Fiber optic,Bank transfer,Yes
CUST01340,Female,39,21.84,848.86,Month-to-month,No,Electronic check,No
CUST01341,Male,70,66.41,4605.02,Month-to-month,No,Credit card,No
CUST01342,Female,20,114.31,2282.32,One year,Fiber optic,,No
CUST01343,Male,1,52.38,79.23,Month-to-month,Fiber optic,Electronic check,Yes
CUST01344,Male,72,86.11,6478.38,Month-to-month,Fiber optic,Bank transfer,Yes
CUST01345,Male,63,85.22,5396.83,Month-to-month,No,Bank transfer,No
CUST01346,Male,67,45.11,3138.64,Month-to-month,Fiber optic,Mailed check,No
CUST01347,Male,4,85.04,358.8,Month-to-month,Fiber optic,Electronic check,Yes
CUST01348,Male,58,41.23,2188.56,One year,Fiber optic,Bank transfer,No
CUST01349,Female,25,32.2,748.29,Month-to-month,No,Electronic check,No
CUST01350,Male,47,90.14,4264.47,One year,DSL,Electronic check,No
CUST01351,Female,38,31.34,1263.26,Month-to-month,DSL,Bank transfer,No
CUST01352,Female,15,119.69,1816.37,Month-to-month,Fiber optic,Electronic check,Yes
CUST01353,Male,63,38.35,2508.09,Month-to-month,DSL,Electronic check,No
CUST01354,Female,21,79.41,1521.61,One year,Fiber optic,Mailed check,No
CUST01355,Female,57,61.14,3489.86,Two year,DSL,Credit card,No
CUST01356,Female,53,32.64,1862.72,Two year,DSL,Credit card,No
CUST01357,Female,46,22.78,950.72,One year,No,Mailed check,Yes
CUST01358,Male,14,82.27,1263.84,Month-to-month,Fiber optic,Electronic check,No
CUST01359,Female,17,100.68,1818.45,Two year,Fiber optic,Electronic check,No
CUST01360,Male,39,104.2,3940.1,One year,DSL,Electronic check,Yes
CUST01361,Female,9,68.27,648.22,Month-to-month,DSL,Mailed check,Yes
CUST01362,Female,6,97.75,602.38,Two year,Fiber optic,Bank transfer,No
CUST01363,Male,23,87.28,1989.8,Month-to-month,Fiber optic,Mailed check,Yes
CUST01364,Female,59,92.43,5300.68,Month-to-month,Fiber optic,Mailed check,Yes
CUST01365,Female,46,69.26,3159.65,Month-to-month,No,Electronic check,Yes
CUST01366,Female,38,83.34,3151.29,Month-to-month,No,Mailed check,Yes
CUST01367,Male,14,100.55,1237.87,Month-to-month,No,Electronic check,Yes
CUST01368,Female,72,59.79,4174.36,Month-to-month,Fiber optic,Mailed check,Yes
CUST01369,Male,62,100.6,6144.5,Month-to-month,DSL,Bank transfer,Yes
CUST01370,Female,35,79.2,2667.17,Month-to-month,Fiber optic,Bank transfer,Yes
CUST01371,Male,19,36.59,727.84,One year,Fiber optic,Mailed check,Yes
CUST01372,Male,30,22.47,765.25,One year,DSL,Bank transfer,No
CUST01373,Female,25,56.28,1375.95,Month-to-month,Fiber optic,Electronic check,No
CUST01374,Female,40,74.67,3063.43,Month-to-month,DSL,Electronic check,Yes
CUST01375,Male,14,103.98,1550.97,Month-to-month,Fiber optic,Bank transfer,Yes
CUST01376,Male,26,32.75,842.97,Two year,DSL,Electronic check,No
CUST01377,Female,22,100.02,2241.24,Month-to-month,Fiber optic,Bank transfer,No
CUST01378,Male,48,106.3,5080.07,Month-to-month,DSL,Bank transfer,No
CUST01379,Female,51,35.07,1676.29,Month-to-month,Fiber optic,Credit card,No
CUST01380,Female,3,105.16,240.8,One year,Fiber optic,Credit card,No
CUST01381,Female,42,119.15,5036.91,Month-to-month,Fiber optic,Electronic check,No
CUST01382,Female,19,92.68,1748.79,Month-to-month,No,Credit card,No
CUST01383,Male,28,98.48,2831.16,Month-to-month,Fiber optic,Bank transfer,Yes
CUST01384,Female,45,119.44,5186.1,Month-to-month,No,Bank transfer,Yes
CUST01385,Male,71,80.55,5554.39,Two year,DSL,Electronic check,No
CUST01386,Female,63,50.79,3046.95,Two year,DSL,Credit card,Yes
CUST01387,Male,19,103.75,1987.92,One year,DSL,Electronic check,No
CUST01388,Female,47,81.45,3690.34,One year,DSL,Credit card,No
CUST01389,Male,14,78.12,1125.69,Month-to-month,Fiber optic,Electronic check,Yes
CUST01390,Male,38,45.36,1798.98,One year,DSL,Bank transfer,No
CUST01391,Female,53,95.63,5220.01,One year,Fiber optic,Mailed check,No
CUST01392,Female,61,28.17,1858.96,Month-to-month,Fiber optic,Electronic check,Yes
CUST01393,Female,36,112.43,3977.94,Two year,Fiber optic,Electronic check,No
CUST01394,Female,40,52.58,1936.24,Month-to-month,Fiber optic,Mailed check,Yes
CUST01395,Male,30,32.78,920.21,Month-to-month,Fiber optic,Electronic check,Yes
CUST01396,Female,9,64.24,675.84,One year,DSL,Mailed check,No
CUST01397,Male,64,24.25,1513.03,One year,DSL,Bank transfer,No
CUST01398,Male,33,88.46,2916.75,One year,Fiber optic,Credit card,No
CUST01399,Female,52,110.27,5678.32,Month-to-month,Fiber optic,Bank transfer,Yes
CUST01400,Male,14,103.73,1610.34,Two year,Fiber optic,Electronic check,No
CUST01401,Male,53,32.74,1633.77,Month-to-month,No,Electronic check,No
CUST01402,Male,59,32.63,1931.85,Month-to-month,Fiber optic,Electronic check,No
CUST01403,Male,41,101.34,4265.76,Two year,Fiber optic,Credit card,No
CUST01404,Female,68,112.43,7829.39,One year,DSL,Credit card,No
CUST01405,Female,68,66.07,4423.28,Month-to-month,Fiber optic,Mailed check,No
CUST01406,Female,8,69.9,655.28,One year,Fiber optic,Electronic check,No
CUST01407,Female,2,51.83,51.83,Month-to-month,DSL,Credit card,Yes
CUST01408,Male,41,109.43,4624.35,Month-to-month,DSL,Credit card,Yes
CUST01409,Male,55,84.49,4819.9,Month-to-month,Fiber optic,Credit card,Yes
CUST01410,Female,16,48.83,692.32,Two year,Fiber optic,Credit card,No
CUST01411,Female,62,49.88,3157.91,Month-to-month,DSL,Mailed check,No
CUST01412,Female,48,109.12,5349.09,One year,Fiber optic,Electronic check,No
CUST01413,Male,30,21.36,611.37,Month-to-month,DSL,Mailed check,No
CUST01414,Female,12,52.27,,One year,No,Mailed check,No
CUST01415,Female,35,75.44,2700.4,Month-to-month,DSL,Mailed check,Yes
CUST01416,Female,11,34.82,583.99,One year,Fiber optic,Mailed check,Yes
CUST01417,Male,64,29.21,1672.34,Month-to-month,Fiber optic,Electronic check,Yes
CUST01418,Male,50,101.53,5070.91,One year,No,Mailed check,No
CUST01419,Male,21,109.44,2173.21,Two year,DSL,Mailed check,No
CUST01420,Male,69,102.36,7064.22,One year,Fiber optic,Electronic check,No
CUST01421,Male,48,109.88,5195.95,Month-to-month,Fiber optic,Mailed check,No
CUST01422,Male,20,75.31,1480.71,Two year,Fiber optic,Credit card,No
CUST01423,Male,67,101.23,6695.0,Month-to-month,Fiber optic,Credit card,Yes
CUST01424,Male,44,58.4,2585.14,One year,Fiber optic,Mailed check,No
CUST01425,Female,33,86.63,2966.18,Two year,No,Mailed check,No
CUST01426,Female,61,118.88,7214.41,Month-to-month,DSL,Electronic check,Yes
CUST01427,Male,9,42.57,526.19,Month-to-month,DSL,Bank transfer,Yes
CUST01428,Male,68,58.99,4115.72,Month-to-month,Fiber optic,Mailed check,No
CUST01429,Female,35,68.0,2583.41,One year,DSL,Mailed check,No
CUST01430,Male,65,33.8,2238.14,One year,No,Credit card,No
CUST01431,Male,8,28.1,218.64,Month-to-month,Fiber optic,Mailed check,Yes
CUST01432,Male,45,102.97,4475.13,Month-to-month,Fiber optic,Electronic check,Yes
CUST01433,Female,47,117.68,5452.79,Month-to-month,DSL,Electronic check,No
CUST01434,Female,40,60.47,2398.01,Month-to-month,DSL,Mailed check,No
CUST01435,Female,54,28.76,1544.09,Month-to-month,Fiber optic,Mailed check,No
CUST01436,Female,46,26.58,1457.55,Two year,No,Credit card,No
CUST01437,Female,47,109.13,5108.41,Month-to-month,No,Mailed check,No
CUST01438,Male,15,66.38,818.86,Two year,DSL,Bank transfer,No
CUST01439,Female,19,52.0,1054.46,One year,DSL,Mailed check,No
CUST01440,Male,26,67.65,1819.55,Month-to-month,DSL,Mailed check,Yes
CUST01441,Male,52,51.83,2649.27,One year,No,Mailed check,No
CUST01442,Female,22,68.9,1728.57,Month-to-month,DSL,Mailed check,No
CUST01443,Female,21,105.96,2035.5,Month-to-month,DSL,Mailed check,Yes
CUST01444,Male,51,79.23,4165.68,Month-to-month,DSL,Electronic check,No
CUST01445,Male,38,89.47,3370.75,Month-to-month,DSL,Credit card,No
CUST01446,Male,20,56.47,1034.36,Month-to-month,No,Electronic check,No
CUST01447,Female,29,93.85,2961.69,Month-to-month,Fiber optic,Electronic check,Yes
CUST01448,Female,51,86.66,4493.33,Month-to-month,DSL,Electronic check,Yes
CUST01449,Female,4,31.96,98.0,Month-to-month,DSL,Electronic check,Yes
CUST01450,Female,55,77.26,4217.42,Month-to-month,DSL,Mailed check,No
CUST01451,Female,71,45.67,3270.11,Month-to-month,DSL,Electronic check,No
CUST01452,Male,28,100.41,2765.28,Month-to-month,DSL,Electronic check,No
CUST01453,Female,4,62.59,380.32,Month-to-month,Fiber optic,Mailed check,No
CUST01454,Male,22,119.47,2637.11,Two year,DSL,Bank transfer,No
CUST01455,Male,45,29.25,1418.01,Month-to-month,DSL,Electronic check,Yes
CUST01456,Male,67,98.03,6588.8,One year,Fiber optic,Mailed check,No
CUST01457,Female,66,87.37,5853.4,Month-to-month,Fiber optic,Bank transfer,Yes
CUST01458,Female,34,96.75,3424.05,Two year,Fiber optic,Credit card,No
CUST01459,Female,55,50.75,2959.34,Month-to-month,Fiber optic,Bank transfer,No
CUST01460,Male,1,69.21,118.3,Two year,Fiber optic,Electronic check,No
CUST01461,Male,72,99.65,7088.15,One year,Fiber optic,Bank transfer,No
CUST01462,Male,38,43.25,1626.24,Month-to-month,DSL,Bank transfer,No
CUST01463,Male,6,42.6,252.99,Two year,No,Electronic check,No
CUST01464,Male,25,75.11,1820.43,Month-to-month,DSL,Credit card,No
CUST01465,Male,17,72.36,1156.1,Month-to-month,Fiber optic,Mailed check,Yes
CUST01466,Female,61,48.23,2959.48,One year,Fiber optic,Credit card,No
CUST01467,Female,12,49.81,499.39,Two year,Fiber optic,Bank transfer,No
CUST01468,Female,6,47.78,168.94,Month-to-month,No,Bank transfer,No
CUST01469,Female,27,97.15,2453.61,Month-to-month,Fiber optic,Bank transfer,Yes
CUST01470,Male,8,85.19,729.55,One year,No,Mailed check,Yes
CUST01471,Male,65,103.24,6744.72,One year,Fiber optic,Mailed check,No
CUST01472,Female,57,117.55,6667.88,Two year,No,Credit card,No
CUST01473,Male,40,67.42,2796.22,One year,No,Bank transfer,No
CUST01474,Female,14,26.67,273.5,Month-to-month,No,Credit card,No
CUST01475,Female,35,24.81,906.44,Two year,Fiber optic,Credit card,No
CUST01476,Female,48,49.57,2384.78,Month-to-month,Fiber optic,Credit card,No
CUST01477,Male,56,113.25,6267.93,Month-to-month,DSL,Bank transfer,No
CUST01478,Female,49,72.32,3494.43,Month-to-month,Fiber optic,Mailed check,Yes
CUST01479,Female,13,47.18,556.39,One year,No,Electronic check,No
CUST01480,Female,61,59.92,3680.4,Month-to-month,Fiber optic,Bank transfer,No
CUST01481,Male,49,79.86,3972.48,One year,No,Electronic check,No
CUST01482,Male,46,85.29,3880.7,Month-to-month,Fiber optic,Electronic check,No
CUST01483,Female,62,35.39,2122.97,Month-to-month,DSL,Electronic check,No
CUST01484,Male,8,117.7,955.32,Two year,DSL,Credit card,No
CUST01485,Male,43,74.48,3037.46,Month-to-month,DSL,Credit card,No
CUST01486,Male,20,33.57,674.84,Month-to-month,DSL,Bank transfer,No
CUST01487,Male,39,109.36,4421.22,Month-to-month,Fiber optic,Mailed check,No
CUST01488,Male,49,27.46,1275.14,Two year,No,Bank transfer,No
CUST01489,Male,64,110.77,7071.59,Month-to-month,Fiber optic,Bank transfer,No
CUST01490,Male,62,119.66,7521.38,Month-to-month,Fiber optic,Mailed check,No
CUST01491,Male,54,90.04,4937.63,Month-to-month,DSL,Mailed check,Yes
CUST01492,Male,9,97.04,879.54,Month-to-month,DSL,Mailed check,Yes
CUST01493,Male,37,53.73,1982.16,Month-to-month,Fiber optic,Bank transfer,Yes
CUST01494,Female,49,114.16,5470.28,Month-to-month,DSL,Bank transfer,Yes
CUST01495,Female,41,72.97,3040.89,Month-to-month,DSL,Mailed check,No
CUST01496,Male,17,93.24,1450.74,Two year,Fiber optic,Credit card,No
CUST01497,Female,21,112.41,2154.09,Month-to-month,DSL,Electronic check,No
CUST01498,Female,51,117.52,6094.33,Month-to-month,No,Electronic check,No
CUST01499,Male,59,103.32,6134.58,Month-to-month,DSL,Mailed check,No
CUST01500,Male,39,50.3,2049.67,Month-to-month,DSL,Electronic check,No
CUST01501,Male,55,116.65,6342.1,One year,DSL,Mailed check,No
CUST01502,Female,41,82.81,3441.85,Month-to-month,DSL,Electronic check,Yes
CUST01503,Female,39,113.06,4365.43,Month-to-month,Fiber optic,Mailed check,Yes
CUST01504,Male,13,87.61,1106.21,One year,Fiber optic,Electronic check,Yes
CUST01505,Male,64,50.72,3343.46,Month-to-month,Fiber optic,Bank transfer,No
CUST01506,Male,11,57.0,612.02,Month-to-month,Fiber optic,Mailed check,No
CUST01507,Female,19,75.05,1356.31,Month-to-month,Fiber optic,Electronic check,Yes
CUST01508,Female,11,99.0,952.45,Month-to-month,Fiber optic,Bank transfer,Yes
CUST01509,Female,46,51.8,2418.87,Month-to-month,DSL,Electronic check,No
CUST01510,Female,45,77.97,3614.6,Month-to-month,Fiber optic,Credit card,Yes
CUST01511,Male,1,54.56,54.56,One year,Fiber optic,Credit card,Yes
CUST01512,Male,40,101.58,4132.1,Two year,Fiber optic,Electronic check,Yes
CUST01513,Male,19,66.67,1172.45,Month-to-month,Fiber optic,Credit card,No
CUST01514,Male,72,27.67,2067.17,Month-to-month,DSL,Bank transfer,No
CUST01515,Female,72,36.61,2639.21,Month-to-month,DSL,Credit card,No
CUST01516,Female,61,26.11,1619.49,Month-to-month,No,Bank transfer,No
CUST01517,Male,12,69.93,769.42,Month-to-month,DSL,Electronic check,No
CUST01518,Male,61,30.63,1904.19,Two year,DSL,Credit card,No
CUST01519,Female,33,31.41,976.76,One year,DSL,Electronic check,No
CUST01520,Male,45,114.1,5093.13,Two year,DSL,Electronic check,No
CUST01521,Female,69,107.27,7249.87,Two year,DSL,Electronic check,No
CUST01522,Male,8,65.21,444.46,Month-to-month,Fiber optic,Electronic check,Yes
CUST01523,Male,25,118.58,2911.95,Month-to-month,Fiber optic,Mailed check,No
CUST01524,Male,46,20.02,952.2,Month-to-month,No,Bank transfer,Yes
CUST01525,Male,30,81.4,2501.57,Month-to-month,DSL,Credit card,No
CUST01526,Male,47,81.64,3776.29,Two year,DSL,Electronic check,No
CUST01527,Male,49,65.74,3204.82,Month-to-month,Fiber optic,Credit card,No
CUST01528,Male,47,59.69,2974.07,Two year,Fiber optic,Credit card,No
CUST01529,Female,18,65.54,1192.83,Month-to-month,Fiber optic,Electronic check,No
CUST01530,Female,66,61.5,4005.31,Two year,Fiber optic,Mailed check,No
CUST01531,Female,68,93.05,6159.44,Two year,DSL,Credit card,No
CUST01532,Female,33,33.54,1021.43,One year,Fiber optic,Bank transfer,No
CUST01533,Female,36,39.76,1342.07,One year,Fiber optic,Bank transfer,No
CUST01534,Male,19,38.05,920.74,Month-to-month,DSL,Bank transfer,No
CUST01535,Male,28,46.25,1210.15,Two year,No,Mailed check,No
CUST01536,Female,40,72.53,2906.3,Two year,Fiber optic,Electronic check,No
CUST01537,Male,15,31.12,503.88,One year,DSL,Bank transfer,No
CUST01538,Female,41,106.82,4490.27,One year,DSL,Electronic check,No
CUST01539,Female,39,49.74,1940.66,One year,DSL,Bank transfer,No
CUST01540,Male,2,36.25,36.25,Two year,Fiber optic,Credit card,No
CUST01541,Male,63,87.56,5458.63,Month-to-month,DSL,Bank transfer,Yes
CUST01542,Male,29,23.81,726.13,Two year,DSL,Credit card,No
CUST01543,Female,66,82.0,5343.57,Month-to-month,DSL,Mailed check,Yes
CUST01544,Male,51,89.82,4470.4,Month-to-month,Fiber optic,Bank transfer,Yes
CUST01545,Female,10,41.49,,Month-to-month,Fiber optic,Bank transfer,No
CUST01546,Female,14,24.2,206.35,Month-to-month,Fiber optic,Credit card,Yes
CUST01547,Female,51,56.36,3059.42,Month-to-month,DSL,Bank transfer,No
CUST01548,Male,39,29.86,1224.2,Month-to-month,No,Electronic check,No
CUST01549,Male,28,31.65,1048.28,Month-to-month,Fiber optic,Credit card,No
CUST01550,Female,3,45.43,184.83,Month-to-month,No,Bank transfer,Yes
CUST01551,Male,70,49.55,3620.96,Month-to-month,Fiber optic,Electronic check,Yes
CUST01552,Male,27,73.0,2007.75,One year,Fiber optic,Bank transfer,No
CUST01553,Male,2,87.84,248.3,Two year,Fiber optic,Credit card,Yes
CUST01554,Female,38,79.28,2799.27,One year,DSL,Bank transfer,No
CUST01555,Female,3,34.84,34.84,Two year,Fiber optic,Mailed check,No
CUST01556,Male,16,37.21,599.05,One year,Fiber optic,Credit card,No
CUST01557,Female,40,107.88,4321.32,Month-to-month,Fiber optic,Bank transfer,Yes
CUST01558,Male,2,75.84,144.04,One year,No,Mailed check,No
CUST01559,Male,41,106.99,4431.89,One year,Fiber optic,Electronic check,No
CUST01560,Male,12,57.15,735.22,Month-to-month,DSL,Electronic check,No
CUST01561,Male,35,81.44,2936.91,Month-to-month,DSL,Bank transfer,Yes
CUST01562,Female,65,72.37,4770.95,One year,Fiber optic,Credit card,No
CUST01563,Female,55,51.91,2975.46,Month-to-month,Fiber optic,Electronic check,Yes
CUST01564,Female,45,66.99,3135.77,One year,DSL,Mailed check,No
CUST01565,Male,62,70.25,4372.97,Month-to-month,DSL,Electronic check,Yes
CUST01566,Male,49,40.08,2172.08,One year,Fiber optic,Bank transfer,No
CUST01567,Male,25,51.5,1423.43,Month-to-month,Fiber optic,Electronic check,Yes
CUST01568,Female,23,99.14,2199.52,Month-to-month,No,Electronic check,Yes
CUST01569,Male,24,111.58,2717.18,Month-to-month,Fiber optic,Electronic check,Yes
CUST01570,Female,38,55.98,1942.98,One year,Fiber optic,Bank transfer,No
CUST01571,Female,28,50.7,1252.18,Two year,Fiber optic,Mailed check,No
CUST01572,Female,21,39.52,779.97,Two year,No,Electronic check,No
CUST01573,Female,54,87.85,4656.36,Month-to-month,Fiber optic,Credit card,No
CUST01574,Female,18,52.31,892.25,One year,No,Electronic check,No
CUST01575,Female,36,118.77,4308.57,Month-to-month,No,Mailed check,No
CUST01576,Male,45,52.57,2488.18,Month-to-month,No,Credit card,No
CUST01577,Male,53,59.41,3265.91,Month-to-month,Fiber optic,Mailed check,No
CUST01578,Female,30,80.33,2451.22,One year,DSL,Bank transfer,No
CUST01579,Female,60,100.17,5901.49,Month-to-month,DSL,Electronic check,Yes
CUST01580,Male,32,66.95,2086.66,Month-to-month,DSL,Bank transfer,No
CUST01581,Female,67,62.27,4235.81,One year,DSL,Mailed check,No
CUST01582,Female,67,119.56,7927.91,One year,DSL,Credit card,No
CUST01583,Male,28,21.05,462.71,Month-to-month,DSL,Electronic check,No
CUST01584,Female,44,109.51,4867.67,Month-to-month,Fiber optic,Mailed check,No
CUST01585,Female,41,34.91,1426.47,Month-to-month,Fiber optic,Bank transfer,No
CUST01586,Female,63,98.59,6190.08,Month-to-month,DSL,Credit card,No
CUST01587,Male,23,81.79,1992.15,One year,Fiber optic,Electronic check,No
CUST01588,Male,48,54.18,2709.52,Month-to-month,Fiber optic,Credit card,Yes
CUST01589,Male,32,107.39,3614.59,One year,Fiber optic,Electronic check,No
CUST01590,Female,57,21.29,1148.39,Two year,No,Bank transfer,No
CUST01591,Female,33,42.67,1451.08,Month-to-month,DSL,Electronic check,No
CUST01592,Male,24,76.69,1842.46,Two year,DSL,Bank transfer,No
CUST01593,Female,39,55.15,2184.68,Month-to-month,Fiber optic,Mailed check,No
CUST01594,Female,34,81.04,2641.92,Month-to-month,DSL,Electronic check,Yes
CUST01595,Female,56,22.41,1114.71,Month-to-month,Fiber optic,Electronic check,Yes
CUST01596,Female,28,31.65,882.18,Month-to-month,Fiber optic,Electronic check,No
CUST01597,Female,37,32.71,1126.02,Month-to-month,DSL,Credit card,No
CUST01598,Male,7,38.93,366.33,Month-to-month,DSL,Credit card,Yes
CUST01599,Female,68,65.93,4333.17,One year,DSL,Bank transfer,No
CUST01600,Male,37,95.21,3380.95,Two year,Fiber optic,Electronic check,No
CUST01601,Female,56,110.55,6149.13,One year,Fiber optic,Mailed check,No
CUST01602,Male,65,103.54,6576.29,Month-to-month,DSL,Bank transfer,Yes
CUST01603,Female,65,39.69,2747.45,One year,DSL,Credit card,No
CUST01604,Male,47,64.12,2995.35,One year,DSL,Mailed check,No
CUST01605,Female,20,39.94,738.52,Two year,DSL,Credit card,No
CUST01606,Male,19,46.45,929.35,Two year,No,Credit card,No
CUST01607,Female,29,70.35,2128.53,Two year,DSL,Credit card,No
CUST01608,Male,60,26.81,1629.3,Month-to-month,Fiber optic,Electronic check,Yes
CUST01609,Female,18,41.82,745.95,One year,No,Electronic check,No
CUST01610,Male,35,113.54,3875.55,Month-to-month,DSL,Mailed check,No
CUST01611,Male,43,66.61,2927.32,Two year,Fiber optic,Mailed check,No
CUST01612,Female,11,64.54,851.61,Month-to-month,No,Electronic check,No
CUST01613,Female,49,21.46,1029.57,Month-to-month,Fiber optic,Electronic check,No
CUST01614,Male,38,44.74,1615.24,Month-to-month,Fiber optic,Bank transfer,No
CUST01615,Female,64,106.63,6842.47,One year,Fiber optic,Mailed check,No
CUST01616,Male,69,36.46,2516.0,Month-to-month,Fiber optic,Electronic check,Yes
CUST01617,Male,8,61.51,370.44,Month-to-month,DSL,Bank transfer,Yes
CUST01618,Male,34,21.43,678.35,Two year,No,Bank transfer,No
CUST01619,Female,48,67.83,3434.69,Two year,Fiber optic,Bank transfer,No
CUST01620,Male,56,22.1,1102.84,Month-to-month,Fiber optic,Electronic check,No
CUST01621,Male,65,101.96,6558.34,Month-to-month,No,Bank transfer,No
CUST01622,Female,31,102.49,3082.32,Two year,Fiber optic,Bank transfer,No
CUST01623,Female,4,98.77,309.05,Two year,Fiber optic,Electronic check,Yes
CUST01624,Female,50,48.34,2372.45,Month-to-month,DSL,Bank transfer,Yes
CUST01625,Female,69,103.72,7201.52,One year,Fiber optic,Mailed check,No
CUST01626,Male,30,74.3,2359.86,Month-to-month,Fiber optic,Electronic check,Yes
CUST01627,Male,59,57.38,3405.75,Two year,Fiber optic,Mailed check,No
CUST01628,Male,67,82.53,5461.07,One year,No,Electronic check,No
CUST01629,Male,45,21.23,1109.34,Month-to-month,No,Electronic check,No
CUST01630,Female,4,34.3,34.3,Month-to-month,Fiber optic,Credit card,Yes
CUST01631,Male,26,94.23,2517.33,Two year,DSL,Electronic check,No
CUST01632,Male,27,44.42,1096.66,One year,Fiber optic,Credit card,No
CUST01633,Female,46,79.8,3665.71,Month-to-month,Fiber optic,Bank transfer,No
CUST01634,Male,64,58.51,3800.95,One year,Fiber optic,Electronic check,No
CUST01635,Male,51,105.48,5218.94,One year,Fiber optic,Electronic check,No
CUST01636,Male,50,115.24,5776.17,Month-to-month,Fiber optic,Bank transfer,Yes
CUST01637,Male,6,108.36,672.01,One year,DSL,Bank transfer,Yes
CUST01638,Male,59,47.06,2922.77,One year,DSL,Electronic check,No
CUST01639,Male,15,39.42,862.81,Two year,Fiber optic,Electronic check,No
CUST01640,Female,30,67.44,1867.9,Month-to-month,DSL,Bank transfer,No
CUST01641,Female,42,20.73,1012.38,Month-to-month,DSL,Electronic check,Yes
CUST01642,Male,37,22.58,831.67,Month-to-month,DSL,Credit card,No
CUST01643,Male,42,75.33,3083.0,One year,Fiber optic,Bank transfer,No
CUST01644,Female,35,72.04,2558.31,One year,DSL,Mailed check,No
CUST01645,Male,6,119.46,586.53,Two year,Fiber optic,Electronic check,Yes
CUST01646,Male,68,40.18,2607.98,One year,Fiber optic,,No
CUST01647,Male,18,45.81,651.06,Month-to-month,Fiber optic,Credit card,No
CUST01648,Female,29,31.35,963.76,Two year,Fiber optic,Electronic check,No
CUST01649,Male,59,111.75,6625.95,Month-to-month,DSL,Electronic check,Yes
CUST01650,Female,47,97.78,4514.22,Two year,Fiber optic,Bank transfer,No
CUST01651,Male,17,102.23,1890.27,Month-to-month,No,Electronic check,Yes
CUST01652,Female,22,110.28,2359.86,One year,Fiber optic,Mailed check,No
CUST01653,Female,68,72.49,5057.62,One year,No,Credit card,No
CUST01654,Male,69,65.12,4505.49,One year,Fiber optic,Mailed check,No
CUST01655,Female,37,53.04,1894.84,Month-to-month,,Credit card,No
CUST01656,Male,49,78.92,3855.58,Month-to-month,DSL,Credit card,No
CUST01657,Female,13,65.43,725.22,One year,Fiber optic,Electronic check,No
CUST01658,Male,34,65.16,2237.11,Two year,Fiber optic,Mailed check,No
CUST01659,Male,53,113.69,6028.63,Month-to-month,DSL,Mailed check,No
CUST01660,Female,51,118.4,6091.14,Two year,Fiber optic,Bank transfer,No
CUST01661,Male,3,99.65,386.87,Month-to-month,Fiber optic,Electronic check,Yes
CUST01662,Male,42,95.68,4030.12,Month-to-month,DSL,Credit card,Yes
CUST01663,Female,32,88.06,2670.29,One year,Fiber optic,Bank transfer,No
CUST01664,Male,51,36.61,1960.35,One year,Fiber optic,Mailed check,No
CUST01665,Male,46,25.91,1193.33,Two year,Fiber optic,Bank transfer,No
CUST01666,Female,21,89.07,1681.06,One year,Fiber optic,Mailed check,Yes
CUST01667,Female,44,92.88,4117.68,Month-to-month,No,Credit card,Yes
CUST01668,Male,11,24.7,310.21,Month-to-month,Fiber optic,Bank transfer,Yes
CUST01669,Male,68,112.81,7635.23,Month-to-month,DSL,Electronic check,No
CUST01670,Female,1,29.11,29.11,Month-to-month,DSL,Electronic check,Yes
CUST01671,Female,63,48.59,3001.64,One year,Fiber optic,Credit card,No
CUST01672,Male,24,87.24,2135.37,Month-to-month,DSL,Bank transfer,No
CUST01673,Female,13,36.99,494.87,Month-to-month,No,Credit card,No
CUST01674,Male,11,25.54,190.12,Month-to-month,Fiber optic,Electronic check,No
CUST01675,Male,51,53.11,2870.41,Month-to-month,Fiber optic,Electronic check,No
CUST01676,Male,17,96.6,1575.62,Month-to-month,No,Electronic check,No
CUST01677,Male,24,61.37,1202.23,Two year,No,Bank transfer,No
CUST01678,Male,19,85.3,1573.63,One year,DSL,Mailed check,No
CUST01679,Female,37,77.96,2987.61,One year,DSL,Electronic check,No
CUST01680,Female,8,22.22,157.11,One year,Fiber optic,Bank transfer,No
CUST01681,Female,28,118.85,3164.32,Month-to-month,Fiber optic,Mailed check,Yes
CUST01682,Female,5,24.14,24.14,Two year,Fiber optic,Electronic check,Yes
CUST01683,Male,17,116.78,1877.16,Month-to-month,Fiber optic,Mailed check,Yes
CUST01684,Male,36,74.99,2642.11,Month-to-month,No,Bank transfer,No
CUST01685,Male,19,116.32,2183.91,One year,Fiber optic,Electronic check,No
CUST01686,Male,64,31.48,2064.11,Month-to-month,Fiber optic,Electronic check,Yes
CUST01687,Female,11,69.04,772.28,One year,DSL,Electronic check,Yes
CUST01688,Male,54,36.95,2012.94,Month-to-month,Fiber optic,Bank transfer,No
CUST01689,Male,45,25.1,1307.44,One year,DSL,Credit card,No
CUST01690,Female,47,81.75,3928.33,Month-to-month,No,Mailed check,No
CUST01691,Female,12,40.78,566.64,Month-to-month,DSL,Electronic check,Yes
CUST01692,Female,21,78.77,1472.85,One year,Fiber optic,Credit card,No
CUST01693,Female,11,31.24,268.46,Month-to-month,DSL,Credit card,Yes
CUST01694,Male,5,53.2,106.3,Month-to-month,DSL,Bank transfer,No
CUST01695,Male,56,98.16,5420.05,Month-to-month,Fiber optic,Credit card,Yes
CUST01696,Female,20,63.71,1353.69,One year,Fiber optic,Bank transfer,No
CUST01697,Male,41,82.77,3354.29,One year,DSL,Bank transfer,No
CUST01698,Male,46,84.75,4005.74,Month-to-month,DSL,Mailed check,No
CUST01699,Male,12,104.38,1321.87,Two year,Fiber optic,Mailed check,No
CUST01700,Female,70,52.49,3679.35,Two year,Fiber optic,Electronic check,No
CUST01701,Male,17,88.73,1618.01,One year,DSL,Credit card,No
CUST01702,Female,19,116.16,2343.48,One year,Fiber optic,Credit card,No
CUST01703,Male,26,93.02,2463.96,Month-to-month,DSL,Bank transfer,No
CUST01704,Male,48,68.99,3334.52,One year,Fiber optic,Electronic check,No
CUST01705,Male,52,83.07,4382.98,Month-to-month,,Electronic check,Yes
CUST01706,Female,70,93.97,6437.24,Month-to-month,Fiber optic,Electronic check,No
CUST01707,Male,55,81.23,4455.89,Two year,DSL,Electronic check,No
CUST01708,Female,33,21.67,712.71,One year,No,Bank transfer,No
CUST01709,Female,62,39.48,2410.89,Month-to-month,DSL,Credit card,No
CUST01710,Female,23,101.05,2245.2,Month-to-month,DSL,Electronic check,No
CUST01711,Male,15,47.27,808.85,One year,DSL,Electronic check,No
CUST01712,Male,27,93.16,2532.33,Month-to-month,No,Bank transfer,Yes
CUST01713,Male,64,57.21,3687.54,Month-to-month,Fiber optic,Electronic check,Yes
CUST01714,Male,51,72.19,3824.15,Month-to-month,Fiber optic,Credit card,No
CUST01715,Female,53,26.8,1400.87,Month-to-month,No,Electronic check,Yes
CUST01716,Female,51,38.12,1905.24,One year,No,Electronic check,No
CUST01717,Female,47,115.72,5574.97,Month-to-month,Fiber optic,Electronic check,Yes
CUST01718,Male,4,109.01,286.97,One year,DSL,Electronic check,No
CUST01719,Female,7,85.23,601.73,Month-to-month,Fiber optic,Bank transfer,Yes
CUST01720,Male,35,65.96,2234.84,One year,DSL,Electronic check,No
CUST01721,Female,48,87.58,4233.11,Two year,Fiber optic,Mailed check,No
CUST01722,Male,72,81.86,5951.12,One year,Fiber optic,Mailed check,No
CUST01723,Male,45,76.86,3521.46,Two year,Fiber optic,Electronic check,No
CUST01724,Female,72,25.92,1968.86,Two year,Fiber optic,Electronic check,No
CUST01725,Female,19,83.28,1557.07,Month-to-month,Fiber optic,Mailed check,No
CUST01726,Female,63,96.89,6085.05,One year,No,Bank transfer,No
CUST01727,Female,38,119.41,4590.24,Two year,DSL,Credit card,No
CUST01728,Male,67,21.11,1503.12,Month-to-month,DSL,Electronic check,Yes
CUST01729,Female,59,93.02,5358.15,Month-to-month,Fiber optic,Electronic check,No
CUST01730,Female,69,77.18,5356.83,Two year,No,Electronic check,No
CUST01731,Female,13,63.41,784.81,One year,DSL,Mailed check,No
CUST01732,Male,47,32.76,,Month-to-month,DSL,Bank transfer,No
CUST01733,Male,61,60.91,3679.84,Month-to-month,DSL,Credit card,No
CUST01734,Female,31,55.44,1646.37,One year,DSL,Bank transfer,No
CUST01735,Male,22,50.28,1004.31,Month-to-month,No,Electronic check,No
CUST01736,Female,43,93.09,3987.77,One year,Fiber optic,Mailed check,No
CUST01737,Male,67,90.07,6070.53,One year,Fiber optic,Credit card,No
CUST01738,Male,54,78.9,4200.3,One year,Fiber optic,Electronic check,No
CUST01739,Male,10,113.87,1257.68,Month-to-month,Fiber optic,Mailed check,Yes
CUST01740,Male,42,54.99,2555.43,One year,DSL,Credit card,No
CUST01741,Female,64,44.38,2881.63,One year,Fiber optic,Bank transfer,No
CUST01742,Female,21,85.59,1793.27,One year,Fiber optic,Bank transfer,No
CUST01743,Female,66,39.88,2540.85,Month-to-month,DSL,Electronic check,No
CUST01744,Male,41,51.5,2148.51,Month-to-month,Fiber optic,Mailed check,No
CUST01745,Female,24,42.46,1166.76,Two year,DSL,Electronic check,No
CUST01746,Female,35,26.92,1137.05,Month-to-month,DSL,Bank transfer,No
CUST01747,Female,56,102.75,5893.62,Month-to-month,DSL,Electronic check,Yes
CUST01748,Male,30,45.45,1447.83,Month-to-month,Fiber optic,Credit card,Yes
CUST01749,Male,57,67.3,3877.12,Two year,DSL,Credit card,No
CUST01750,Male,47,24.33,1038.64,Month-to-month,No,Mailed check,Yes
CUST01751,Female,35,89.93,3137.58,Month-to-month,DSL,Electronic check,No
CUST01752,Female,19,53.06,986.55,Month-to-month,Fiber optic,Electronic check,No
CUST01753,Female,8,94.47,746.44,One year,No,Bank transfer,No
CUST01754,Male,26,61.24,1520.3,Month-to-month,No,Bank transfer,Yes
CUST01755,Male,71,39.58,2885.97,Month-to-month,No,Bank transfer,No
CUST01756,Female,30,71.32,2112.21,Month-to-month,DSL,Electronic check,No
CUST01757,Male,7,33.05,195.85,Two year,DSL,Mailed check,No
CUST01758,Male,67,64.05,4219.75,Month-to-month,Fiber optic,Bank transfer,No
CUST01759,Male,65,51.73,3385.68,Month-to-month,DSL,Mailed check,No
CUST01760,Male,36,111.2,4152.88,Month-to-month,DSL,Bank transfer,Yes
CUST01761,Female,25,26.09,651.23,Two year,No,Bank transfer,No
CUST01762,Male,37,89.4,3335.97,One year,Fiber optic,Electronic check,No
CUST01763,Male,1,38.28,231.81,Two year,Fiber optic,Electronic check,No
CUST01764,Male,15,51.9,898.84,Two year,No,Mailed check,No
CUST01765,Male,37,61.55,2336.12,Month-to-month,Fiber optic,Electronic check,No
CUST01766,Female,13,110.8,1494.97,One year,Fiber optic,Bank transfer,No
CUST01767,Female,8,44.26,293.77,Month-to-month,Fiber optic,Bank transfer,No
CUST01768,Male,5,29.13,75.56,One year,DSL,Credit card,No
CUST01769,Male,60,51.87,3126.34,Month-to-month,Fiber optic,Bank transfer,Yes
CUST01770,Male,1,30.47,47.15,Month-to-month,No,Electronic check,Yes
CUST01771,Male,36,32.86,1097.98,Two year,No,Electronic check,No
CUST01772,Male,35,77.39,2778.98,Month-to-month,No,Credit card,No
CUST01773,Male,66,26.09,1694.21,Two year,Fiber optic,Electronic check,No
CUST01774,Female,63,23.09,1567.4,Month-to-month,No,Bank transfer,No
CUST01775,Male,23,91.44,2097.58,Month-to-month,DSL,Bank transfer,No
CUST01776,Female,9,56.16,491.05,Two year,DSL,Electronic check,Yes
CUST01777,Female,34,32.54,1012.62,One year,Fiber optic,Electronic check,No
CUST01778,Male,46,45.36,2003.77,One year,Fiber optic,Bank transfer,No
CUST01779,Female,4,84.21,468.62,Month-to-month,DSL,Credit card,No
CUST01780,Female,30,47.55,1453.4,Month-to-month,Fiber optic,Electronic check,Yes
CUST01781,Female,72,69.45,5039.33,One year,DSL,Credit card,No
CUST01782,Female,3,32.17,256.57,One year,Fiber optic,Bank transfer,No
CUST01783,Female,14,78.81,971.58,Month-to-month,Fiber optic,Credit card,No
CUST01784,Female,60,51.61,3163.73,Two year,Fiber optic,Electronic check,No
CUST01785,Male,45,82.7,3562.71,One year,DSL,Electronic check,No
CUST01786,Female,34,100.84,3384.79,Two year,Fiber optic,Credit card,No
CUST01787,Female,45,81.16,3537.69,One year,Fiber optic,Credit card,Yes
CUST01788,Female,61,49.57,3109.63,One year,Fiber optic,Mailed check,No
CUST01789,Male,16,45.57,540.15,Month-to-month,Fiber optic,Bank transfer,No
CUST01790,Female,66,52.74,3457.83,Month-to-month,Fiber optic,Credit card,Yes
CUST01791,Male,40,36.46,1342.52,Two year,No,Electronic check,No
CUST01792,Female,17,38.12,562.56,Month-to-month,DSL,Bank transfer,No
CUST01793,Male,34,99.07,3298.31,Month-to-month,Fiber optic,Credit card,No
CUST01794,Male,16,58.47,1067.43,Month-to-month,Fiber optic,Mailed check,Yes
CUST01795,Female,60,63.6,3782.48,Month-to-month,Fiber optic,Electronic check,No
CUST01796,Female,66,79.4,5413.13,Two year,DSL,Bank transfer,No
CUST01797,Male,66,78.97,5405.68,Two year,DSL,Electronic check,No
CUST01798,Female,13,26.74,558.99,Month-to-month,DSL,Electronic check,Yes
CUST01799,Male,56,103.15,5770.52,Month-to-month,No,Credit card,No
CUST01800,Male,31,37.73,1190.67,One year,Fiber optic,Bank transfer,No
CUST01801,Male,34,92.31,3176.34,One year,Fiber optic,,No
CUST01802,Male,39,97.27,3756.78,Two year,Fiber optic,Credit card,No
CUST01803,Male,67,91.49,6172.27,One year,DSL,Electronic check,No
CUST01804,Female,8,77.9,529.68,Month-to-month,No,Electronic check,Yes
CUST01805,Male,55,21.46,992.75,Month-to-month,Fiber optic,Electronic check,No
CUST01806,Male,27,56.04,1584.49,Two year,DSL,Electronic check,No
CUST01807,Female,53,80.48,4230.46,One year,Fiber optic,Bank transfer,No
CUST01808,Male,39,58.75,2193.58,One year,Fiber optic,Bank transfer,No
CUST01809,Female,65,106.35,6827.73,Month-to-month,Fiber optic,Mailed check,Yes
CUST01810,Female,17,50.88,1016.47,One year,DSL,Electronic check,No
CUST01811,Female,30,49.35,1526.91,One year,No,Mailed check,No
CUST01812,Male,53,46.6,2317.57,Month-to-month,No,Mailed check,No
CUST01813,Male,13,53.28,573.94,Month-to-month,Fiber optic,Mailed check,Yes
CUST01814,Male,21,75.74,1561.35,Month-to-month,DSL,Electronic check,No
CUST01815,Female,19,90.7,1770.94,Month-to-month,DSL,Bank transfer,Yes
CUST01816,Male,53,86.26,4492.32,Month-to-month,No,Electronic check,Yes
CUST01817,Female,19,100.77,1897.34,Month-to-month,Fiber optic,Mailed check,Yes
CUST01818,Male,57,108.59,6201.09,One year,Fiber optic,Bank transfer,Yes
CUST01819,Female,25,101.61,2553.78,Month-to-month,DSL,Electronic check,Yes
CUST01820,Male,31,21.89,439.08,Month-to-month,DSL,Bank transfer,No
CUST01821,Male,55,93.59,5169.61,Two year,Fiber optic,Electronic check,Yes
CUST01822,Male,23,40.84,766.03,One year,Fiber optic,Electronic check,No
CUST01823,Female,32,33.29,1036.64,One year,No,Electronic check,No
CUST01824,Female,62,83.85,5148.56,Month-to-month,Fiber optic,Credit card,Yes
CUST01825,Male,10,51.97,411.83,One year,Fiber optic,Mailed check,No
CUST01826,Male,72,25.71,1935.44,Month-to-month,DSL,Credit card,Yes
CUST01827,Female,54,33.76,1710.64,Two year,DSL,Mailed check,No
CUST01828,Female,52,20.09,992.39,Month-to-month,Fiber optic,Mailed check,No
CUST01829,Female,20,110.32,2294.27,One year,DSL,Mailed check,No
CUST01830,Male,32,22.46,663.57,Month-to-month,DSL,Electronic check,Yes
CUST01831,Female,14,40.95,497.45,One year,No,Electronic check,No
CUST01832,Male,50,61.63,3054.68,Month-to-month,Fiber optic,Electronic check,Yes
CUST01833,Female,28,55.66,1612.53,Month-to-month,DSL,Mailed check,Yes
CUST01834,Male,53,111.17,6036.64,Month-to-month,DSL,Electronic check,No
CUST01835,Female,24,24.03,483.11,One year,DSL,Electronic check,No
CUST01836,Female,22,71.22,1481.33,Two year,No,Electronic check,No
CUST01837,Female,30,88.05,2613.87,Two year,DSL,Mailed check,No
CUST01838,Female,63,113.17,7152.72,Month-to-month,DSL,Bank transfer,No
CUST01839,Female,4,82.04,251.14,Month-to-month,Fiber optic,Credit card,Yes
CUST01840,Male,59,100.38,5991.28,Two year,DSL,Electronic check,No
CUST01841,Female,8,28.37,135.23,Month-to-month,DSL,Electronic check,Yes
CUST01842,Female,12,58.59,512.99,One year,DSL,Mailed check,No
CUST01843,Female,31,57.39,1832.27,Two year,DSL,Credit card,No
CUST01844,Male,34,108.63,3758.18,Two year,DSL,Electronic check,No
CUST01845,Female,49,35.14,1826.33,Month-to-month,DSL,Bank transfer,No
CUST01846,Male,57,35.19,1806.64,Month-to-month,Fiber optic,Mailed check,No
CUST01847,Female,26,52.86,1307.8,Month-to-month,DSL,Electronic check,No
CUST01848,Female,18,25.45,432.99,One year,Fiber optic,Electronic check,No
CUST01849,Male,38,38.25,1629.2,Month-to-month,Fiber optic,Electronic check,No
CUST01850,Female,50,116.52,5810.08,Month-to-month,Fiber optic,Credit card,No
CUST01851,Male,8,62.82,367.91,Month-to-month,DSL,Mailed check,Yes
CUST01852,Male,41,83.2,3440.87,Month-to-month,DSL,Bank transfer,No
CUST01853,Female,6,92.61,686.61,One year,Fiber optic,Bank transfer,No
CUST01854,Male,69,56.7,4021.96,One year,Fiber optic,Bank transfer,No
CUST01855,Female,44,34.72,1583.86,Month-to-month,Fiber optic,Mailed check,Yes
CUST01856,Female,64,40.66,2628.5,Month-to-month,DSL,Electronic check,No
CUST01857,Male,29,51.33,1261.79,Two year,,Electronic check,No
CUST01858,Male,28,83.61,2343.65,Month-to-month,DSL,Electronic check,No
CUST01859,Male,11,59.83,675.94,One year,Fiber optic,,No
CUST01860,Male,65,20.68,1328.21,Two year,Fiber optic,Electronic check,No
CUST01861,Female,19,72.34,1445.17,Month-to-month,DSL,Bank transfer,No
CUST01862,Female,9,112.15,991.75,One year,Fiber optic,Electronic check,Yes
CUST01863,Male,27,101.21,2695.81,Two year,Fiber optic,Credit card,No
CUST01864,Female,34,102.52,3589.58,Month-to-month,Fiber optic,Electronic check,Yes
CUST01865,Female,44,99.51,4337.08,Month-to-month,No,Electronic check,Yes
CUST01866,Female,68,52.37,3567.63,Month-to-month,Fiber optic,Credit card,No
CUST01867,Female,15,96.52,1537.55,Month-to-month,Fiber optic,Mailed check,No
CUST01868,Male,51,34.32,1649.25,Two year,DSL,Credit card,No
CUST01869,Male,13,85.77,1003.09,Two year,,Electronic check,No
CUST01870,Female,49,84.16,4259.63,One year,DSL,Electronic check,No
CUST01871,Male,70,22.56,1519.93,Month-to-month,Fiber optic,Bank transfer,No
CUST01872,Male,56,98.8,5602.04,Month-to-month,DSL,Credit card,No
CUST01873,Male,51,110.32,5448.79,One year,Fiber optic,Electronic check,No
CUST01874,Female,37,46.74,1479.07,Month-to-month,Fiber optic,Credit card,No
CUST01875,Female,17,101.24,1757.5,One year,No,Bank transfer,No
CUST01876,Female,58,28.24,1625.17,Month-to-month,Fiber optic,Credit card,No
CUST01877,Male,29,80.0,2357.36,One year,No,Mailed check,No
CUST01878,Female,33,68.56,2449.95,One year,Fiber optic,Electronic check,No
CUST01879,Female,60,74.59,4351.67,Month-to-month,Fiber optic,Credit card,Yes
CUST01880,Male,55,112.62,6197.92,Month-to-month,Fiber optic,Credit card,No
CUST01881,Female,10,107.13,1219.05,Month-to-month,DSL,Mailed check,No
CUST01882,Female,47,98.51,4520.67,Month-to-month,Fiber optic,Electronic check,Yes
CUST01883,Male,23,47.37,1031.04,One year,Fiber optic,Electronic check,Yes
CUST01884,Male,21,111.18,2158.05,One year,No,Bank transfer,No
CUST01885,Male,13,29.75,610.53,One year,Fiber optic,Electronic check,Yes
CUST01886,Female,33,105.33,3255.44,Two year,Fiber optic,Mailed check,No
CUST01887,Female,24,52.82,1347.54,Month-to-month,Fiber optic,Electronic check,Yes
CUST01888,Female,11,25.38,147.2,Month-to-month,DSL,Bank transfer,No
CUST01889,Male,17,86.94,1372.89,Month-to-month,DSL,Electronic check,Yes
CUST01890,Male,68,43.13,3039.24,One year,Fiber optic,Mailed check,No
CUST01891,Female,47,44.36,2010.67,Month-to-month,Fiber optic,Bank transfer,No
CUST01892,Female,25,50.6,1330.18,Two year,DSL,Bank transfer,No
CUST01893,Male,21,26.37,691.77,Month-to-month,No,Mailed check,Yes
CUST01894,Male,12,37.71,472.59,Two year,Fiber optic,Electronic check,No
CUST01895,Male,37,20.51,847.8,Two year,No,Bank transfer,No
CUST01896,Male,42,64.54,2718.75,Month-to-month,Fiber optic,Credit card,No
CUST01897,Female,17,28.43,496.01,Month-to-month,Fiber optic,Bank transfer,Yes
CUST01898,Male,48,88.27,4173.47,One year,No,Credit card,No
CUST01899,Female,28,43.56,1412.57,Month-to-month,Fiber optic,Bank transfer,No
CUST01900,Female,41,114.36,4763.04,Month-to-month,No,Bank transfer,No
CUST01901,Female,47,107.13,5087.29,One year,Fiber optic,Electronic check,No
CUST01902,Male,18,48.94,957.95,Month-to-month,Fiber optic,Mailed check,Yes
CUST01903,Male,71,98.32,6912.99,One year,Fiber optic,Mailed check,No
CUST01904,Male,13,100.32,1397.26,One year,Fiber optic,Electronic check,No
CUST01905,Male,13,118.66,1698.17,Month-to-month,Fiber optic,Mailed check,Yes
CUST01906,Female,31,79.78,2335.11,Month-to-month,Fiber optic,Electronic check,No
CUST01907,Male,2,28.2,110.56,Month-to-month,DSL,Bank transfer,Yes
CUST01908,Male,16,84.68,1361.16,One year,No,Mailed check,No
CUST01909,Female,9,82.5,690.58,Month-to-month,Fiber optic,Mailed check,Yes
CUST01910,Male,38,83.84,3076.59,Two year,Fiber optic,Credit card,No
CUST01911,Female,54,50.71,2843.53,Month-to-month,Fiber optic,Mailed check,No
CUST01912,Female,56,105.97,5955.12,Month-to-month,Fiber optic,Mailed check,No
CUST01913,Female,45,115.95,5197.04,Month-to-month,No,Electronic check,No
CUST01914,Female,34,41.77,1474.42,Month-to-month,Fiber optic,Credit card,No
CUST01915,Female,9,28.82,246.63,Month-to-month,DSL,Mailed check,No
CUST01916,Female,8,39.45,245.19,One year,Fiber optic,Bank transfer,Yes
CUST01917,Female,7,102.06,727.32,Month-to-month,Fiber optic,Electronic check,Yes
CUST01918,Female,36,87.66,3152.96,Month-to-month,No,Mailed check,No
CUST01919,Male,18,83.6,1327.38,Month-to-month,Fiber optic,Electronic check,No
CUST01920,Male,3,60.18,117.58,One year,No,Bank transfer,No
CUST01921,Male,28,77.78,2051.4,One year,Fiber optic,Credit card,No
CUST01922,Male,70,50.79,3390.16,Month-to-month,No,Bank transfer,No
CUST01923,Female,44,67.72,3026.45,Two year,DSL,Bank transfer,No
CUST01924,Male,21,99.31,2018.63,Month-to-month,No,Mailed check,No
CUST01925,Female,28,118.12,3411.5,One year,No,Bank transfer,No
CUST01926,Male,54,113.25,5932.64,Month-to-month,No,Mailed check,Yes
CUST01927,Male,54,113.39,6093.28,Month-to-month,DSL,Bank transfer,Yes
CUST01928,Male,65,60.22,3852.71,Two year,DSL,Electronic check,No
CUST01929,Female,21,66.88,1246.68,Month-to-month,Fiber optic,Electronic check,Yes
CUST01930,Male,13,90.56,1177.79,One year,DSL,Mailed check,No
CUST01931,Female,57,112.22,6247.47,Month-to-month,DSL,Mailed check,No
CUST01932,Female,49,34.2,1698.07,One year,DSL,Electronic check,Yes
CUST01933,Male,54,50.42,2794.76,Two year,Fiber optic,Bank transfer,No
CUST01934,Male,10,33.92,365.96,Month-to-month,Fiber optic,Electronic check,No
CUST01935,Male,53,81.2,4342.99,Two year,DSL,Electronic check,No
CUST01936,Female,44,50.63,2330.84,One year,DSL,Bank transfer,No
CUST01937,Male,47,52.61,2469.99,One year,Fiber optic,Mailed check,No
CUST01938,Female,53,27.09,1353.17,Month-to-month,Fiber optic,Bank transfer,No
CUST01939,Female,46,54.98,2468.18,Two year,DSL,Bank transfer,No
CUST01940,Male,13,106.25,1322.51,Month-to-month,Fiber optic,Credit card,No
CUST01941,Male,37,43.31,1498.14,Month-to-month,No,Bank transfer,Yes
CUST01942,Female,24,89.52,2226.9,Two year,No,Electronic check,No
CUST01943,Female,2,82.96,218.61,One year,No,Mailed check,Yes
CUST01944,Female,14,106.35,1322.4,Month-to-month,No,Electronic check,Yes
CUST01945,Male,10,33.23,249.67,Month-to-month,Fiber optic,Credit card,Yes
CUST01946,Female,35,117.76,4012.4,Month-to-month,Fiber optic,Electronic check,No
CUST01947,Male,25,78.26,1988.23,Month-to-month,Fiber optic,Mailed check,Yes
CUST01948,Female,3,119.55,466.3,Month-to-month,,Electronic check,Yes
CUST01949,Female,17,111.15,1934.37,One year,DSL,Credit card,No
CUST01950,Male,12,42.15,435.68,Month-to-month,Fiber optic,Electronic check,Yes
CUST01951,Female,54,25.62,1351.58,One year,Fiber optic,Credit card,No
CUST01952,Male,24,45.56,954.15,Two year,DSL,Electronic check,No
CUST01953,Male,29,72.76,1978.42,Month-to-month,Fiber optic,Electronic check,No
CUST01954,Female,43,37.16,1682.48,Month-to-month,DSL,Electronic check,No
CUST01955,Male,25,36.75,1063.16,Month-to-month,DSL,Credit card,Yes
CUST01956,Male,60,66.26,3904.12,Month-to-month,DSL,Credit card,No
CUST01957,Female,65,23.33,1521.26,One year,Fiber optic,Electronic check,No
CUST01958,Male,28,32.19,973.37,Month-to-month,DSL,Electronic check,No
CUST01959,Male,16,61.59,819.06,One year,No,Bank transfer,No
CUST01960,Male,47,26.31,1131.7,Month-to-month,Fiber optic,Electronic check,No
CUST01961,Female,58,59.68,3660.8,Month-to-month,Fiber optic,Electronic check,Yes
CUST01962,Male,27,67.4,1724.03,Month-to-month,DSL,Electronic check,Yes
CUST01963,Female,53,65.13,3415.71,Month-to-month,Fiber optic,Electronic check,No
CUST01964,Female,42,106.92,4430.35,Month-to-month,Fiber optic,Electronic check,No
CUST01965,Male,59,73.01,4108.11,Month-to-month,Fiber optic,Electronic check,Yes
CUST01966,Male,47,66.8,3147.87,Two year,Fiber optic,Mailed check,No
CUST01967,Male,34,61.07,2073.85,One year,No,Credit card,No
CUST01968,Female,37,101.76,3783.21,Month-to-month,No,Electronic check,Yes
CUST01969,Male,6,109.51,648.6,Month-to-month,Fiber optic,Bank transfer,Yes
CUST01970,Male,7,105.32,691.25,Month-to-month,DSL,Electronic check,Yes
CUST01971,Male,25,87.35,2132.02,Month-to-month,Fiber optic,Bank transfer,No
CUST01972,Male,33,33.74,1063.4,Month-to-month,Fiber optic,Electronic check,Yes
CUST01973,Male,55,47.69,2524.08,Month-to-month,Fiber optic,Bank transfer,No
CUST01974,Female,58,24.61,1344.0,Month-to-month,Fiber optic,Electronic check,Yes
CUST01975,Female,7,113.08,694.37,Month-to-month,Fiber optic,Credit card,Yes
CUST01976,Male,57,86.08,4963.9,Month-to-month,Fiber optic,Electronic check,Yes
CUST01977,Male,12,94.64,1166.29,Month-to-month,DSL,Mailed check,Yes
CUST01978,Male,16,51.16,821.27,One year,DSL,Credit card,No
CUST01979,Male,43,104.57,4690.74,Month-to-month,DSL,Bank transfer,No
CUST01980,Female,7,45.96,229.15,Month-to-month,No,Mailed check,Yes
CUST01981,Male,51,20.16,1140.04,One year,Fiber optic,Credit card,No
CUST01982,Female,32,57.64,1818.48,Two year,Fiber optic,Electronic check,No
CUST01983,Female,8,77.08,632.36,Two year,Fiber optic,Electronic check,No
CUST01984,Male,72,67.87,4953.75,One year,Fiber optic,Credit card,No
CUST01985,Female,45,106.21,4731.7,Month-to-month,No,Electronic check,No
CUST01986,Female,59,30.54,1696.19,One year,Fiber optic,Credit card,No
CUST01987,Female,4,75.38,,One year,Fiber optic,Electronic check,No
CUST01988,Female,67,71.3,4566.47,Month-to-month,Fiber optic,Bank transfer,No
CUST01989,Male,29,48.14,1456.74,Month-to-month,DSL,Mailed check,Yes
CUST01990,Male,29,102.22,3022.65,Two year,Fiber optic,Credit card,No
CUST01991,Female,28,95.28,2826.21,Month-to-month,Fiber optic,Bank transfer,No
CUST01992,Male,44,93.29,4146.25,Month-to-month,DSL,Electronic check,No
CUST01993,Male,4,107.62,496.0,Month-to-month,Fiber optic,Bank transfer,Yes
CUST01994,Male,9,92.28,822.37,Month-to-month,Fiber optic,Electronic check,Yes
CUST01995,Male,5,43.18,262.39,Month-to-month,No,Bank transfer,No
CUST01996,Male,56,90.56,5180.32,One year,DSL,Credit card,No
CUST01997,Female,50,50.77,2556.65,One year,Fiber optic,Mailed check,No
CUST01998,Male,15,44.22,611.18,Month-to-month,Fiber optic,Bank transfer,No
CUST01999,Male,32,27.3,851.58,Two year,DSL,Electronic check,No
CUST02000,Male,28,94.4,2718.39,Month-to-month,Fiber optic,Mailed check,No
Customer ID,Gender,Tenure,Monthly Charges,Total Charges,Contract Type,Internet Service,Payment Method,Churn
CUST001,Male,2,89.50,179.00,Month-to-month,Fiber optic,Electronic check,Yes
CUST002,Female,24,65.20,1564.80,One year,DSL,Bank transfer,No
CUST003,Male,5,95.75,478.75,Month-to-month,Fiber optic,Electronic check,Yes
CUST004,Female,48,55.30,2654.40,Two year,DSL,Credit card,No
CUST005,Male,12,79.90,958.80,Month-to-month,Fiber optic,Mailed check,Yes
CUST006,Female,36,45.50,1638.00,Two year,DSL,Bank transfer,No
CUST007,Male,3,99.99,299.97,Month-to-month,Fiber optic,Electronic check,Yes
CUST008,Female,60,49.75,2985.00,Two year,DSL,Credit card,No
CUST009,Male,18,72.40,1303.20,One year,Fiber optic,Bank transfer,No
CUST010,Female,7,88.60,620.20,Month-to-month,Fiber optic,Electronic check,Yes
CUST011,Male,42,52.80,2217.60,Two year,DSL,Mailed check,No
CUST012,Female,9,91.25,821.25,Month-to-month,Fiber optic,Electronic check,Yes
CUST013,Male,30,68.40,2052.00,One year,DSL,Credit card,No
CUST014,Female,4,97.80,391.20,Month-to-month,Fiber optic,Electronic check,Yes
CUST015,Male,55,58.90,3239.50,Two year,DSL,Bank transfer,No
CUST016,Female,15,76.30,1144.50,One year,Fiber optic,Credit card,No
CUST017,Male,1,102.50,102.50,Month-to-month,Fiber optic,Electronic check,Yes
CUST018,Female,28,61.75,1729.00,One year,DSL,Mailed check,No
CUST019,Male,8,85.40,683.20,Month-to-month,Fiber optic,Electronic check,Yes
CUST020,Female,52,47.90,2490.80,Two year,DSL,Credit card,No
CUST021,Male,22,73.60,1619.20,One year,Fiber optic,Bank transfer,No
CUST022,Female,6,93.20,559.20,Month-to-month,Fiber optic,Electronic check,Yes
CUST023,Male,40,54.60,2184.00,Two year,DSL,Mailed check,No
CUST024,Female,11,82.75,910.25,Month-to-month,Fiber optic,Electronic check,Yes
CUST025,Male,33,66.90,2207.70,One year,DSL,Credit card,No
CUST026,Female,2,104.20,208.40,Month-to-month,Fiber optic,Electronic check,Yes
CUST027,Male,46,51.30,2359.80,Two year,DSL,Bank transfer,No
CUST028,Female,19,71.80,1364.20,One year,Fiber optic,Credit card,No
CUST029,Male,5,92.45,462.25,Month-to-month,Fiber optic,Electronic check,Yes
CUST030,Female,38,57.60,2188.80,Two year,DSL,Mailed check,No
CUST031,Male,14,78.25,1095.50,Month-to-month,Fiber optic,Electronic check,Yes
CUST032,Female,44,53.90,2371.60,Two year,DSL,Credit card,No
CUST033,Male,25,69.75,1743.75,One year,Fiber optic,Bank transfer,No
CUST034,Female,3,101.60,304.80,Month-to-month,Fiber optic,Electronic check,Yes
CUST035,Male,58,46.80,2714.40,Two year,DSL,Credit card,No
CUST036,Female,17,74.50,1266.50,One year,Fiber optic,Mailed check,No
CUST037,Male,9,87.90,791.10,Month-to-month,Fiber optic,Electronic check,Yes
CUST038,Female,31,63.40,1965.40,One year,DSL,Bank transfer,No
CUST039,Male,4,96.30,385.20,Month-to-month,Fiber optic,Electronic check,Yes
CUST040,Female,50,50.75,2537.50,Two year,DSL,Credit card,No
CUST041,Male,21,70.90,1488.90,One year,Fiber optic,Bank transfer,No
CUST042,Female,8,94.80,758.40,Month-to-month,Fiber optic,Electronic check,Yes
CUST043,Male,35,59.40,2079.00,Two year,DSL,Mailed check,No
CUST044,Female,13,80.60,1047.80,Month-to-month,Fiber optic,Electronic check,Yes
CUST045,Male,27,67.25,1815.75,One year,DSL,Credit card,No
CUST046,Female,1,106.50,106.50,Month-to-month,Fiber optic,Electronic check,Yes
CUST047,Male,54,48.30,2608.20,Two year,DSL,Bank transfer,No
CUST048,Female,23,72.90,1676.70,One year,Fiber optic,Credit card,No
CUST049,Male,6,90.75,544.50,Month-to-month,Fiber optic,Electronic check,Yes
CUST050,Female,41,56.20,2304.20,Two year,DSL,Mailed check,No